{"id":"1d2383be-364e-4601-9335-1409cc991e10","timestamp":1759833886566,"matcher":{"static":{"/__nuxt_content/content_en/sql_dump.txt":{"prerender":true},"/__nuxt_content/content_fa/sql_dump.txt":{"prerender":true},"/__nuxt_content/articles_en/sql_dump.txt":{"prerender":true},"/__nuxt_content/articles_fa/sql_dump.txt":{"prerender":true},"/__nuxt_content/projects_en/sql_dump.txt":{"prerender":true},"/__nuxt_content/projects_fa/sql_dump.txt":{"prerender":true},"/__nuxt_content/stack/sql_dump.txt":{"prerender":true},"/__nuxt_content/faq_en/sql_dump.txt":{"prerender":true},"/__nuxt_content/faq_fa/sql_dump.txt":{"prerender":true},"/sitemap.xml":{"redirect":"/sitemap_index.xml"}},"wildcard":{},"dynamic":{}},"prerendered":["/en","/fa","/en/sitemap.xml","/fa/sitemap.xml","/fa/works","/en/works","/fa/writing","/en/writing","/fa/about","/en/about","/fa/contact","/en/contact"]}