{"version":"3.7.1","preview":{"api":"https://api.nuxt.studio","iframeMessagingAllowedOrigins":""},"gitInfo":{"name":"my-own-portfolio","owner":"Ghofran565","url":"https://github.com/Ghofran565/my-own-portfolio"},"collections":{"content_en":{"name":"content_en","pascalName":"ContentEn","tableName":"_content_content_en","source":[{"_resolved":true,"prefix":"/en","include":"en/**/*.md","exclude":["en/articles/*.md"],"cwd":"C:/projects/frontend/main/3333test/content"}],"type":"page","fields":{"id":"string","title":"string","body":"json","date":"string","description":"string","extension":"string","head":"json","meta":"json","navigation":"json","ogImage":"json","path":"string","robots":"string","schemaOrg":"json","seo":"json","sitemap":"json","stem":"string"},"schema":{"$schema":"http://json-schema.org/draft-07/schema#","$ref":"#/definitions/__SCHEMA__","definitions":{"content_en":{"type":"object","properties":{"id":{"type":"string"},"stem":{"type":"string"},"extension":{"type":"string","enum":["md","yaml","yml","json","csv","xml"]},"meta":{"type":"object","additionalProperties":{}},"path":{"type":"string"},"title":{"type":"string","minLength":1},"description":{"type":"string","minLength":1},"seo":{"allOf":[{"type":"object","properties":{"title":{"type":"string"},"description":{"type":"string"}}},{"type":"object","additionalProperties":{}}],"default":{}},"body":{"type":"object","properties":{"type":{"type":"string"},"children":{},"toc":{}},"required":["type"],"additionalProperties":false},"navigation":{"anyOf":[{"type":"boolean"},{"type":"object","properties":{"title":{"type":"string"},"description":{"type":"string"},"icon":{"type":"string","$content":{"editor":{"input":"icon"}}}},"required":["title","description","icon"],"additionalProperties":false}],"default":true},"sitemap":{"type":"object","properties":{"loc":{"type":"string"},"lastmod":{"type":"string","format":"date-time"},"changefreq":{"type":"string","enum":["always","hourly","daily","weekly","monthly","yearly","never"]},"priority":{"type":"number"},"images":{"type":"array","items":{"type":"object","properties":{"loc":{"type":"string"},"caption":{"type":"string"},"geo_location":{"type":"string"},"title":{"type":"string"},"license":{"type":"string"}},"required":["loc"],"additionalProperties":false}},"videos":{"type":"array","items":{"type":"object","properties":{"content_loc":{"type":"string"},"player_loc":{"type":"string"},"duration":{"type":"string"},"expiration_date":{"type":"string","format":"date-time"},"rating":{"type":"number"},"view_count":{"type":"number"},"publication_date":{"type":"string","format":"date-time"},"family_friendly":{"type":"boolean"},"tag":{"type":"string"},"category":{"type":"string"},"restriction":{"type":"object","properties":{"relationship":{"type":"string","const":"allow"},"value":{"type":"string"}},"additionalProperties":false},"gallery_loc":{"type":"string"},"price":{"type":"string"},"requires_subscription":{"type":"boolean"},"uploader":{"type":"string"}},"required":["content_loc"],"additionalProperties":false}}},"additionalProperties":false},"robots":{"type":["string","boolean"]},"head":{"type":"object","properties":{"meta":{"type":"array","items":{"anyOf":[{"not":{}},{"type":"object","additionalProperties":{}}]}},"script":{"type":"array","items":{"anyOf":[{"not":{}},{"type":"object","additionalProperties":{}}]}}},"required":["meta","script"],"additionalProperties":false},"schemaOrg":{"anyOf":[{"type":"object","additionalProperties":{}},{"anyOf":[{"not":{}},{"type":"array","items":{"type":"object","additionalProperties":{}}}]}]},"ogImage":{"type":"object","properties":{"url":{"type":"string"},"component":{"type":"string"},"props":{"type":"object","additionalProperties":{}}},"required":["props"],"additionalProperties":false},"date":{"type":"string","minLength":1}},"required":["id","stem","extension","meta","path","title","description","body","date"],"additionalProperties":false}}},"tableDefinition":"CREATE TABLE IF NOT EXISTS _content_content_en (id TEXT PRIMARY KEY, \"title\" VARCHAR, \"body\" TEXT, \"date\" VARCHAR, \"description\" VARCHAR, \"extension\" VARCHAR, \"head\" TEXT NULL, \"meta\" TEXT, \"navigation\" TEXT DEFAULT true, \"ogImage\" TEXT NULL, \"path\" VARCHAR, \"robots\" TEXT NULL, \"schemaOrg\" TEXT NULL, \"seo\" TEXT DEFAULT '{}', \"sitemap\" TEXT NULL, \"stem\" VARCHAR, \"__hash__\" TEXT UNIQUE);"},"content_fa":{"name":"content_fa","pascalName":"ContentFa","tableName":"_content_content_fa","source":[{"_resolved":true,"prefix":"/fa","include":"fa/**/*.md","exclude":["fa/articles/*.md"],"cwd":"C:/projects/frontend/main/3333test/content"}],"type":"page","fields":{"id":"string","title":"string","body":"json","date":"string","description":"string","extension":"string","head":"json","meta":"json","navigation":"json","ogImage":"json","path":"string","robots":"string","schemaOrg":"json","seo":"json","sitemap":"json","stem":"string"},"schema":{"$schema":"http://json-schema.org/draft-07/schema#","$ref":"#/definitions/__SCHEMA__","definitions":{"content_fa":{"type":"object","properties":{"id":{"type":"string"},"stem":{"type":"string"},"extension":{"type":"string","enum":["md","yaml","yml","json","csv","xml"]},"meta":{"type":"object","additionalProperties":{}},"path":{"type":"string"},"title":{"type":"string","minLength":1},"description":{"type":"string","minLength":1},"seo":{"allOf":[{"type":"object","properties":{"title":{"type":"string"},"description":{"type":"string"}}},{"type":"object","additionalProperties":{}}],"default":{}},"body":{"type":"object","properties":{"type":{"type":"string"},"children":{},"toc":{}},"required":["type"],"additionalProperties":false},"navigation":{"anyOf":[{"type":"boolean"},{"type":"object","properties":{"title":{"type":"string"},"description":{"type":"string"},"icon":{"type":"string","$content":{"editor":{"input":"icon"}}}},"required":["title","description","icon"],"additionalProperties":false}],"default":true},"sitemap":{"type":"object","properties":{"loc":{"type":"string"},"lastmod":{"type":"string","format":"date-time"},"changefreq":{"type":"string","enum":["always","hourly","daily","weekly","monthly","yearly","never"]},"priority":{"type":"number"},"images":{"type":"array","items":{"type":"object","properties":{"loc":{"type":"string"},"caption":{"type":"string"},"geo_location":{"type":"string"},"title":{"type":"string"},"license":{"type":"string"}},"required":["loc"],"additionalProperties":false}},"videos":{"type":"array","items":{"type":"object","properties":{"content_loc":{"type":"string"},"player_loc":{"type":"string"},"duration":{"type":"string"},"expiration_date":{"type":"string","format":"date-time"},"rating":{"type":"number"},"view_count":{"type":"number"},"publication_date":{"type":"string","format":"date-time"},"family_friendly":{"type":"boolean"},"tag":{"type":"string"},"category":{"type":"string"},"restriction":{"type":"object","properties":{"relationship":{"type":"string","const":"allow"},"value":{"type":"string"}},"additionalProperties":false},"gallery_loc":{"type":"string"},"price":{"type":"string"},"requires_subscription":{"type":"boolean"},"uploader":{"type":"string"}},"required":["content_loc"],"additionalProperties":false}}},"additionalProperties":false},"robots":{"type":["string","boolean"]},"head":{"type":"object","properties":{"meta":{"type":"array","items":{"anyOf":[{"not":{}},{"type":"object","additionalProperties":{}}]}},"script":{"type":"array","items":{"anyOf":[{"not":{}},{"type":"object","additionalProperties":{}}]}}},"required":["meta","script"],"additionalProperties":false},"schemaOrg":{"anyOf":[{"type":"object","additionalProperties":{}},{"anyOf":[{"not":{}},{"type":"array","items":{"type":"object","additionalProperties":{}}}]}]},"ogImage":{"type":"object","properties":{"url":{"type":"string"},"component":{"type":"string"},"props":{"type":"object","additionalProperties":{}}},"required":["props"],"additionalProperties":false},"date":{"type":"string","minLength":1}},"required":["id","stem","extension","meta","path","title","description","body","date"],"additionalProperties":false}}},"tableDefinition":"CREATE TABLE IF NOT EXISTS _content_content_fa (id TEXT PRIMARY KEY, \"title\" VARCHAR, \"body\" TEXT, \"date\" VARCHAR, \"description\" VARCHAR, \"extension\" VARCHAR, \"head\" TEXT NULL, \"meta\" TEXT, \"navigation\" TEXT DEFAULT true, \"ogImage\" TEXT NULL, \"path\" VARCHAR, \"robots\" TEXT NULL, \"schemaOrg\" TEXT NULL, \"seo\" TEXT DEFAULT '{}', \"sitemap\" TEXT NULL, \"stem\" VARCHAR, \"__hash__\" TEXT UNIQUE);"},"articles_en":{"name":"articles_en","pascalName":"ArticlesEn","tableName":"_content_articles_en","source":[{"_resolved":true,"prefix":"/en/articles","include":"en/articles/*.md","cwd":"C:/projects/frontend/main/3333test/content"}],"type":"page","fields":{"id":"string","title":"string","body":"json","date":"string","description":"string","extension":"string","head":"json","image":"string","meta":"json","navigation":"json","ogImage":"json","path":"string","readingTime":"string","robots":"string","schemaOrg":"json","seo":"json","sitemap":"json","stem":"string","tags":"json"},"schema":{"$schema":"http://json-schema.org/draft-07/schema#","$ref":"#/definitions/__SCHEMA__","definitions":{"articles_en":{"type":"object","properties":{"id":{"type":"string"},"stem":{"type":"string"},"extension":{"type":"string","enum":["md","yaml","yml","json","csv","xml"]},"meta":{"type":"object","additionalProperties":{}},"path":{"type":"string"},"title":{"type":"string","minLength":1},"description":{"type":"string","minLength":1},"seo":{"allOf":[{"type":"object","properties":{"title":{"type":"string"},"description":{"type":"string"}}},{"type":"object","additionalProperties":{}}],"default":{}},"body":{"type":"object","properties":{"type":{"type":"string"},"children":{},"toc":{}},"required":["type"],"additionalProperties":false},"navigation":{"anyOf":[{"type":"boolean"},{"type":"object","properties":{"title":{"type":"string"},"description":{"type":"string"},"icon":{"type":"string","$content":{"editor":{"input":"icon"}}}},"required":["title","description","icon"],"additionalProperties":false}],"default":true},"sitemap":{"type":"object","properties":{"loc":{"type":"string"},"lastmod":{"type":"string","format":"date-time"},"changefreq":{"type":"string","enum":["always","hourly","daily","weekly","monthly","yearly","never"]},"priority":{"type":"number"},"images":{"type":"array","items":{"type":"object","properties":{"loc":{"type":"string"},"caption":{"type":"string"},"geo_location":{"type":"string"},"title":{"type":"string"},"license":{"type":"string"}},"required":["loc"],"additionalProperties":false}},"videos":{"type":"array","items":{"type":"object","properties":{"content_loc":{"type":"string"},"player_loc":{"type":"string"},"duration":{"type":"string"},"expiration_date":{"type":"string","format":"date-time"},"rating":{"type":"number"},"view_count":{"type":"number"},"publication_date":{"type":"string","format":"date-time"},"family_friendly":{"type":"boolean"},"tag":{"type":"string"},"category":{"type":"string"},"restriction":{"type":"object","properties":{"relationship":{"type":"string","const":"allow"},"value":{"type":"string"}},"additionalProperties":false},"gallery_loc":{"type":"string"},"price":{"type":"string"},"requires_subscription":{"type":"boolean"},"uploader":{"type":"string"}},"required":["content_loc"],"additionalProperties":false}}},"additionalProperties":false},"robots":{"type":["string","boolean"]},"head":{"type":"object","properties":{"meta":{"type":"array","items":{"anyOf":[{"not":{}},{"type":"object","additionalProperties":{}}]}},"script":{"type":"array","items":{"anyOf":[{"not":{}},{"type":"object","additionalProperties":{}}]}}},"required":["meta","script"],"additionalProperties":false},"schemaOrg":{"anyOf":[{"type":"object","additionalProperties":{}},{"anyOf":[{"not":{}},{"type":"array","items":{"type":"object","additionalProperties":{}}}]}]},"ogImage":{"type":"object","properties":{"url":{"type":"string"},"component":{"type":"string"},"props":{"type":"object","additionalProperties":{}}},"required":["props"],"additionalProperties":false},"date":{"type":"string","minLength":1},"image":{"type":"string","format":"uri"},"readingTime":{"type":"string","minLength":1},"tags":{"type":"array","items":{"type":"string","minLength":1}}},"required":["id","stem","extension","meta","path","title","description","body","date","image","readingTime","tags"],"additionalProperties":false}}},"tableDefinition":"CREATE TABLE IF NOT EXISTS _content_articles_en (id TEXT PRIMARY KEY, \"title\" VARCHAR, \"body\" TEXT, \"date\" VARCHAR, \"description\" VARCHAR, \"extension\" VARCHAR, \"head\" TEXT NULL, \"image\" VARCHAR, \"meta\" TEXT, \"navigation\" TEXT DEFAULT true, \"ogImage\" TEXT NULL, \"path\" VARCHAR, \"readingTime\" VARCHAR, \"robots\" TEXT NULL, \"schemaOrg\" TEXT NULL, \"seo\" TEXT DEFAULT '{}', \"sitemap\" TEXT NULL, \"stem\" VARCHAR, \"tags\" TEXT, \"__hash__\" TEXT UNIQUE);"},"articles_fa":{"name":"articles_fa","pascalName":"ArticlesFa","tableName":"_content_articles_fa","source":[{"_resolved":true,"prefix":"/fa/articles","include":"fa/articles/*.md","cwd":"C:/projects/frontend/main/3333test/content"}],"type":"page","fields":{"id":"string","title":"string","body":"json","date":"string","description":"string","extension":"string","head":"json","image":"string","meta":"json","navigation":"json","ogImage":"json","path":"string","readingTime":"string","robots":"string","schemaOrg":"json","seo":"json","sitemap":"json","stem":"string","tags":"json"},"schema":{"$schema":"http://json-schema.org/draft-07/schema#","$ref":"#/definitions/__SCHEMA__","definitions":{"articles_fa":{"type":"object","properties":{"id":{"type":"string"},"stem":{"type":"string"},"extension":{"type":"string","enum":["md","yaml","yml","json","csv","xml"]},"meta":{"type":"object","additionalProperties":{}},"path":{"type":"string"},"title":{"type":"string","minLength":1},"description":{"type":"string","minLength":1},"seo":{"allOf":[{"type":"object","properties":{"title":{"type":"string"},"description":{"type":"string"}}},{"type":"object","additionalProperties":{}}],"default":{}},"body":{"type":"object","properties":{"type":{"type":"string"},"children":{},"toc":{}},"required":["type"],"additionalProperties":false},"navigation":{"anyOf":[{"type":"boolean"},{"type":"object","properties":{"title":{"type":"string"},"description":{"type":"string"},"icon":{"type":"string","$content":{"editor":{"input":"icon"}}}},"required":["title","description","icon"],"additionalProperties":false}],"default":true},"sitemap":{"type":"object","properties":{"loc":{"type":"string"},"lastmod":{"type":"string","format":"date-time"},"changefreq":{"type":"string","enum":["always","hourly","daily","weekly","monthly","yearly","never"]},"priority":{"type":"number"},"images":{"type":"array","items":{"type":"object","properties":{"loc":{"type":"string"},"caption":{"type":"string"},"geo_location":{"type":"string"},"title":{"type":"string"},"license":{"type":"string"}},"required":["loc"],"additionalProperties":false}},"videos":{"type":"array","items":{"type":"object","properties":{"content_loc":{"type":"string"},"player_loc":{"type":"string"},"duration":{"type":"string"},"expiration_date":{"type":"string","format":"date-time"},"rating":{"type":"number"},"view_count":{"type":"number"},"publication_date":{"type":"string","format":"date-time"},"family_friendly":{"type":"boolean"},"tag":{"type":"string"},"category":{"type":"string"},"restriction":{"type":"object","properties":{"relationship":{"type":"string","const":"allow"},"value":{"type":"string"}},"additionalProperties":false},"gallery_loc":{"type":"string"},"price":{"type":"string"},"requires_subscription":{"type":"boolean"},"uploader":{"type":"string"}},"required":["content_loc"],"additionalProperties":false}}},"additionalProperties":false},"robots":{"type":["string","boolean"]},"head":{"type":"object","properties":{"meta":{"type":"array","items":{"anyOf":[{"not":{}},{"type":"object","additionalProperties":{}}]}},"script":{"type":"array","items":{"anyOf":[{"not":{}},{"type":"object","additionalProperties":{}}]}}},"required":["meta","script"],"additionalProperties":false},"schemaOrg":{"anyOf":[{"type":"object","additionalProperties":{}},{"anyOf":[{"not":{}},{"type":"array","items":{"type":"object","additionalProperties":{}}}]}]},"ogImage":{"type":"object","properties":{"url":{"type":"string"},"component":{"type":"string"},"props":{"type":"object","additionalProperties":{}}},"required":["props"],"additionalProperties":false},"date":{"type":"string","minLength":1},"image":{"type":"string","format":"uri"},"readingTime":{"type":"string","minLength":1},"tags":{"type":"array","items":{"type":"string","minLength":1}}},"required":["id","stem","extension","meta","path","title","description","body","date","image","readingTime","tags"],"additionalProperties":false}}},"tableDefinition":"CREATE TABLE IF NOT EXISTS _content_articles_fa (id TEXT PRIMARY KEY, \"title\" VARCHAR, \"body\" TEXT, \"date\" VARCHAR, \"description\" VARCHAR, \"extension\" VARCHAR, \"head\" TEXT NULL, \"image\" VARCHAR, \"meta\" TEXT, \"navigation\" TEXT DEFAULT true, \"ogImage\" TEXT NULL, \"path\" VARCHAR, \"readingTime\" VARCHAR, \"robots\" TEXT NULL, \"schemaOrg\" TEXT NULL, \"seo\" TEXT DEFAULT '{}', \"sitemap\" TEXT NULL, \"stem\" VARCHAR, \"tags\" TEXT, \"__hash__\" TEXT UNIQUE);"},"projects_en":{"name":"projects_en","pascalName":"ProjectsEn","tableName":"_content_projects_en","source":[{"_resolved":true,"prefix":"/en/projects","include":"en/projects/*.json","cwd":"C:/projects/frontend/main/3333test/content"}],"type":"data","fields":{"id":"string","date":"string","extension":"string","featured":"boolean","image":"string","link":"string","meta":"json","name":"string","release":"string","stem":"string"},"schema":{"$schema":"http://json-schema.org/draft-07/schema#","$ref":"#/definitions/__SCHEMA__","definitions":{"projects_en":{"type":"object","properties":{"id":{"type":"string"},"stem":{"type":"string"},"extension":{"type":"string","enum":["md","yaml","yml","json","csv","xml"]},"meta":{"type":"object","additionalProperties":{}},"name":{"type":"string","minLength":1},"image":{"type":"string","format":"uri"},"link":{"type":"string","format":"uri"},"release":{"type":"string","minLength":1},"date":{"type":"string","minLength":1},"featured":{"type":"boolean"}},"required":["id","stem","extension","meta","name","image","link","release","date"],"additionalProperties":false}}},"tableDefinition":"CREATE TABLE IF NOT EXISTS _content_projects_en (id TEXT PRIMARY KEY, \"date\" VARCHAR, \"extension\" VARCHAR, \"featured\" BOOLEAN NULL, \"image\" VARCHAR, \"link\" VARCHAR, \"meta\" TEXT, \"name\" VARCHAR, \"release\" VARCHAR, \"stem\" VARCHAR, \"__hash__\" TEXT UNIQUE);"},"projects_fa":{"name":"projects_fa","pascalName":"ProjectsFa","tableName":"_content_projects_fa","source":[{"_resolved":true,"prefix":"/fa/projects","include":"fa/projects/*.json","cwd":"C:/projects/frontend/main/3333test/content"}],"type":"data","fields":{"id":"string","date":"string","extension":"string","featured":"boolean","image":"string","link":"string","meta":"json","name":"string","release":"string","stem":"string"},"schema":{"$schema":"http://json-schema.org/draft-07/schema#","$ref":"#/definitions/__SCHEMA__","definitions":{"projects_fa":{"type":"object","properties":{"id":{"type":"string"},"stem":{"type":"string"},"extension":{"type":"string","enum":["md","yaml","yml","json","csv","xml"]},"meta":{"type":"object","additionalProperties":{}},"name":{"type":"string","minLength":1},"image":{"type":"string","format":"uri"},"link":{"type":"string","format":"uri"},"release":{"type":"string","minLength":1},"date":{"type":"string","minLength":1},"featured":{"type":"boolean"}},"required":["id","stem","extension","meta","name","image","link","release","date"],"additionalProperties":false}}},"tableDefinition":"CREATE TABLE IF NOT EXISTS _content_projects_fa (id TEXT PRIMARY KEY, \"date\" VARCHAR, \"extension\" VARCHAR, \"featured\" BOOLEAN NULL, \"image\" VARCHAR, \"link\" VARCHAR, \"meta\" TEXT, \"name\" VARCHAR, \"release\" VARCHAR, \"stem\" VARCHAR, \"__hash__\" TEXT UNIQUE);"},"stack":{"name":"stack","pascalName":"Stack","tableName":"_content_stack","source":[{"_resolved":true,"prefix":"/","include":"stack.json","cwd":"C:/projects/frontend/main/3333test/content"}],"type":"data","fields":{"id":"string","extension":"string","items":"json","meta":"json","stem":"string"},"schema":{"$schema":"http://json-schema.org/draft-07/schema#","$ref":"#/definitions/__SCHEMA__","definitions":{"stack":{"type":"object","properties":{"id":{"type":"string"},"stem":{"type":"string"},"extension":{"type":"string","enum":["md","yaml","yml","json","csv","xml"]},"meta":{"type":"object","additionalProperties":{}},"items":{"type":"array","items":{"type":"object","properties":{"name":{"type":"string","minLength":1},"link":{"type":"string","format":"uri"},"icon":{"type":"string","minLength":1}},"required":["name","link","icon"],"additionalProperties":false}}},"required":["id","stem","extension","meta","items"],"additionalProperties":false}}},"tableDefinition":"CREATE TABLE IF NOT EXISTS _content_stack (id TEXT PRIMARY KEY, \"extension\" VARCHAR, \"items\" TEXT, \"meta\" TEXT, \"stem\" VARCHAR, \"__hash__\" TEXT UNIQUE);"},"faq_en":{"name":"faq_en","pascalName":"FaqEn","tableName":"_content_faq_en","source":[{"_resolved":true,"prefix":"/","include":"en/faq.json","cwd":"C:/projects/frontend/main/3333test/content"}],"type":"data","fields":{"id":"string","title":"string","extension":"string","faqQuestions":"json","meta":"json","stem":"string","subtitle":"string"},"schema":{"$schema":"http://json-schema.org/draft-07/schema#","$ref":"#/definitions/__SCHEMA__","definitions":{"faq_en":{"type":"object","properties":{"id":{"type":"string"},"stem":{"type":"string"},"extension":{"type":"string","enum":["md","yaml","yml","json","csv","xml"]},"meta":{"type":"object","additionalProperties":{}},"title":{"type":"string","minLength":1},"subtitle":{"type":"string","minLength":1},"faqQuestions":{"type":"array","items":{"type":"object","properties":{"title":{"type":"string","minLength":1},"questions":{"type":"array","items":{"type":"object","properties":{"label":{"type":"string","minLength":1},"content":{"type":"string","minLength":1}},"required":["label","content"],"additionalProperties":false}}},"required":["title","questions"],"additionalProperties":false}}},"required":["id","stem","extension","meta","title","subtitle","faqQuestions"],"additionalProperties":false}}},"tableDefinition":"CREATE TABLE IF NOT EXISTS _content_faq_en (id TEXT PRIMARY KEY, \"title\" VARCHAR, \"extension\" VARCHAR, \"faqQuestions\" TEXT, \"meta\" TEXT, \"stem\" VARCHAR, \"subtitle\" VARCHAR, \"__hash__\" TEXT UNIQUE);"},"faq_fa":{"name":"faq_fa","pascalName":"FaqFa","tableName":"_content_faq_fa","source":[{"_resolved":true,"prefix":"/","include":"fa/faq.json","cwd":"C:/projects/frontend/main/3333test/content"}],"type":"data","fields":{"id":"string","title":"string","extension":"string","faqQuestions":"json","meta":"json","stem":"string","subtitle":"string"},"schema":{"$schema":"http://json-schema.org/draft-07/schema#","$ref":"#/definitions/__SCHEMA__","definitions":{"faq_fa":{"type":"object","properties":{"id":{"type":"string"},"stem":{"type":"string"},"extension":{"type":"string","enum":["md","yaml","yml","json","csv","xml"]},"meta":{"type":"object","additionalProperties":{}},"title":{"type":"string","minLength":1},"subtitle":{"type":"string","minLength":1},"faqQuestions":{"type":"array","items":{"type":"object","properties":{"title":{"type":"string","minLength":1},"questions":{"type":"array","items":{"type":"object","properties":{"label":{"type":"string","minLength":1},"content":{"type":"string","minLength":1}},"required":["label","content"],"additionalProperties":false}}},"required":["title","questions"],"additionalProperties":false}}},"required":["id","stem","extension","meta","title","subtitle","faqQuestions"],"additionalProperties":false}}},"tableDefinition":"CREATE TABLE IF NOT EXISTS _content_faq_fa (id TEXT PRIMARY KEY, \"title\" VARCHAR, \"extension\" VARCHAR, \"faqQuestions\" TEXT, \"meta\" TEXT, \"stem\" VARCHAR, \"subtitle\" VARCHAR, \"__hash__\" TEXT UNIQUE);"},"info":{"name":"info","pascalName":"Info","tableName":"_content_info","source":[],"type":"data","fields":{},"schema":{"$ref":"#/definitions/info","definitions":{},"$schema":"http://json-schema.org/draft-07/schema#"},"tableDefinition":"CREATE TABLE IF NOT EXISTS _content_info (id TEXT PRIMARY KEY, \"ready\" BOOLEAN, \"structureVersion\" VARCHAR, \"version\" VARCHAR, \"__hash__\" TEXT UNIQUE);"}},"appConfigSchema":{"properties":{"id":"#appConfig","properties":{"icon":{"title":"Nuxt Icon","description":"Configure Nuxt Icon module preferences.","tags":["@studioIcon material-symbols:star"],"id":"#appConfig/icon","properties":{"size":{"title":"Icon Size","description":"Set the default icon size.","tags":["@studioIcon material-symbols:format-size-rounded"],"tsType":"string | undefined","id":"#appConfig/icon/size","default":{},"type":"any"},"class":{"title":"CSS Class","description":"Set the default CSS class.","tags":["@studioIcon material-symbols:css"],"id":"#appConfig/icon/class","default":"","type":"string"},"attrs":{"title":"Default Attributes","description":"Attributes applied to every icon component.\n\n@default { \"aria-hidden\": true }","tags":["@studioIcon material-symbols:settings"],"tsType":"Record<string, string | number | boolean>","id":"#appConfig/icon/attrs","default":{"aria-hidden":true},"type":"object"},"mode":{"title":"Default Rendering Mode","description":"Set the default rendering mode for the icon component","enum":["css","svg"],"tags":["@studioIcon material-symbols:move-down-rounded"],"id":"#appConfig/icon/mode","default":"css","type":"string"},"aliases":{"title":"Icon aliases","description":"Define Icon aliases to update them easily without code changes.","tags":["@studioIcon material-symbols:star-rounded"],"tsType":"{ [alias: string]: string }","id":"#appConfig/icon/aliases","default":{},"type":"object"},"cssSelectorPrefix":{"title":"CSS Selector Prefix","description":"Set the default CSS selector prefix.","tags":["@studioIcon material-symbols:format-textdirection-l-to-r"],"id":"#appConfig/icon/cssSelectorPrefix","default":"i-","type":"string"},"cssLayer":{"title":"CSS Layer Name","description":"Set the default CSS `@layer` name.","tags":["@studioIcon material-symbols:layers"],"tsType":"string | undefined","id":"#appConfig/icon/cssLayer","default":{},"type":"any"},"cssWherePseudo":{"title":"Use CSS `:where()` Pseudo Selector","description":"Use CSS `:where()` pseudo selector to reduce specificity.","tags":["@studioIcon material-symbols:low-priority"],"id":"#appConfig/icon/cssWherePseudo","default":true,"type":"boolean"},"collections":{"title":"Icon Collections","description":"List of known icon collections name. Used to resolve collection name ambiguity.\ne.g. `simple-icons-github` -> `simple-icons:github` instead of `simple:icons-github`\n\nWhen not provided, will use the full Iconify collection list.","tags":["@studioIcon material-symbols:format-list-bulleted"],"tsType":"string[] | null","id":"#appConfig/icon/collections","default":null,"type":"any"},"customCollections":{"title":"Custom Icon Collections","tags":["@studioIcon material-symbols:format-list-bulleted"],"tsType":"string[] | null","id":"#appConfig/icon/customCollections","default":null,"type":"any"},"provider":{"title":"Icon Provider","description":"Provider to use for fetching icons\n\n- `server` - Fetch icons with a server handler\n- `iconify` - Fetch icons with Iconify API, purely client-side\n- `none` - Do not fetch icons (use client bundle only)\n\n`server` by default; `iconify` when `ssr: false`","enum":["server","iconify","none"],"tags":["@studioIcon material-symbols:cloud"],"type":"\"server\" | \"iconify\" | undefined","id":"#appConfig/icon/provider"},"iconifyApiEndpoint":{"title":"Iconify API Endpoint URL","description":"Define a custom Iconify API endpoint URL. Useful if you want to use a self-hosted Iconify API. Learn more: https://iconify.design/docs/api.","tags":["@studioIcon material-symbols:api"],"id":"#appConfig/icon/iconifyApiEndpoint","default":"https://api.iconify.design","type":"string"},"fallbackToApi":{"title":"Fallback to Iconify API","description":"Fallback to Iconify API if server provider fails to found the collection.","tags":["@studioIcon material-symbols:public"],"enum":[true,false,"server-only","client-only"],"type":"boolean | \"server-only\" | \"client-only\"","id":"#appConfig/icon/fallbackToApi","default":true},"localApiEndpoint":{"title":"Local API Endpoint Path","description":"Define a custom path for the local API endpoint.","tags":["@studioIcon material-symbols:api"],"id":"#appConfig/icon/localApiEndpoint","default":"/api/_nuxt_icon","type":"string"},"fetchTimeout":{"title":"Fetch Timeout","description":"Set the timeout for fetching icons.","tags":["@studioIcon material-symbols:timer"],"id":"#appConfig/icon/fetchTimeout","default":1500,"type":"number"},"customize":{"title":"Customize callback","description":"Customize icon content (replace stroke-width, colors, etc...).","tags":["@studioIcon material-symbols:edit"],"type":"IconifyIconCustomizeCallback","id":"#appConfig/icon/customize"}},"type":"object","default":{"size":{},"class":"","attrs":{"aria-hidden":true},"mode":"css","aliases":{},"cssSelectorPrefix":"i-","cssLayer":{},"cssWherePseudo":true,"collections":null,"customCollections":null,"iconifyApiEndpoint":"https://api.iconify.design","fallbackToApi":true,"localApiEndpoint":"/api/_nuxt_icon","fetchTimeout":1500}},"global":{"title":"Website","description":"Global website configuration","tags":["@previewIcon lucide:settings"],"id":"#appConfig/global","properties":{"meetingLink":{"type":"string","title":"Meeting link","description":"Your meeting link.","default":"https://ghofran.armatzone.com","tags":["@previewInput string","@previewIcon lucide:calendar"],"id":"#appConfig/global/meetingLink"},"available":{"type":"boolean","title":"Available","description":"Your availability.","default":true,"tags":["@previewInput boolean","@previewIcon lucide:check"],"id":"#appConfig/global/available"}},"type":"object","default":{"meetingLink":"https://ghofran.armatzone.com","available":true}},"profile":{"title":"Personal information","description":"Personal information configuration","tags":["@previewIcon lucide:user"],"id":"#appConfig/profile","properties":{"name":{"type":"string","title":"Name","description":"Your name.","default":"Hugo Richard","tags":["@previewInput string","@previewIcon lucide:user"],"id":"#appConfig/profile/name"},"job":{"type":"string","title":"Job","description":"Your job.","default":"Front-end developer","tags":["@previewInput string","@previewIcon lucide:briefcase"],"id":"#appConfig/profile/job"},"email":{"type":"string","title":"Email","description":"Your email.","default":"contact@hrcd.fr","tags":["@previewInput string","@previewIcon lucide:mail"],"id":"#appConfig/profile/email"},"phone":{"type":"string","title":"Phone","description":"Your phone.","default":"(+33) 6 21 56 22 18","tags":["@previewInput string","@previewIcon lucide:phone"],"id":"#appConfig/profile/phone"},"picture":{"type":"string","title":"Picture","description":"Your picture.","default":"https://avatars.githubusercontent.com/u/71938701?v=4","tags":["@previewInput string","@previewIcon lucide:image"],"id":"#appConfig/profile/picture"}},"type":"object","default":{"name":"Hugo Richard","job":"Front-end developer","email":"contact@hrcd.fr","phone":"(+33) 6 21 56 22 18","picture":"https://avatars.githubusercontent.com/u/71938701?v=4"}},"seo":{"title":"SEO","description":"SEO configuration","tags":["@previewIcon lucide:search"],"id":"#appConfig/seo","properties":{"title":{"type":"string","title":"Title","description":"Title of your website (used in the preview of your website).","default":"My website","tags":["@previewInput string","@previewIcon lucide:title"],"id":"#appConfig/seo/title"},"description":{"type":"string","title":"Description","description":"Description of your website (used in the preview of your website).","default":"My website description","tags":["@previewInput string","@previewIcon lucide:description"],"id":"#appConfig/seo/description"},"url":{"type":"string","title":"URL","description":"Public URL of your website.","default":"https://mywebsite.com","tags":["@previewInput string","@previewIcon lucide:link"],"id":"#appConfig/seo/url"},"lang":{"type":"string","title":"Language","description":"The language that you want to use for your website.","default":"en","required":["en","fr"],"tags":["@previewInput string","@previewIcon lucide:language"],"id":"#appConfig/seo/lang"}},"type":"object","default":{"title":"My website","description":"My website description","url":"https://mywebsite.com","lang":"en"}},"socials":{"title":"Socials","description":"Socials configuration","tags":["@previewIcon lucide:link"],"id":"#appConfig/socials","properties":{"github":{"type":"string","title":"Github","description":"Your Github account.","default":"https://github.com/myusername","tags":["@previewInput string","@previewIcon lucide:github"],"id":"#appConfig/socials/github"},"twitter":{"type":"string","title":"Twitter","description":"Your Twitter account.","default":"https://twitter.com/myusername","tags":["@previewInput string","@previewIcon lucide:twitter"],"id":"#appConfig/socials/twitter"},"linkedin":{"type":"string","title":"Linkedin","description":"Your Linkedin account.","default":"https://www.linkedin.com/in/myusername","tags":["@previewInput string","@previewIcon lucide:linkedin"],"id":"#appConfig/socials/linkedin"},"instagram":{"type":"string","title":"Instagram","description":"Your Instagram account.","default":"https://www.instagram.com/myusername","tags":["@previewInput string","@previewIcon lucide:instagram"],"id":"#appConfig/socials/instagram"},"spotify":{"type":"string","title":"Spotify","description":"Your Spotify account.","default":"https://open.spotify.com/user/myusername","tags":["@previewInput string","@previewIcon lucide:spotify"],"id":"#appConfig/socials/spotify"}},"type":"object","default":{"github":"https://github.com/myusername","twitter":"https://twitter.com/myusername","linkedin":"https://www.linkedin.com/in/myusername","instagram":"https://www.instagram.com/myusername","spotify":"https://open.spotify.com/user/myusername"}}},"type":"object","default":{"icon":{"size":{},"class":"","attrs":{"aria-hidden":true},"mode":"css","aliases":{},"cssSelectorPrefix":"i-","cssLayer":{},"cssWherePseudo":true,"collections":null,"customCollections":null,"iconifyApiEndpoint":"https://api.iconify.design","fallbackToApi":true,"localApiEndpoint":"/api/_nuxt_icon","fetchTimeout":1500},"global":{"meetingLink":"https://ghofran.armatzone.com","available":true},"profile":{"name":"Hugo Richard","job":"Front-end developer","email":"contact@hrcd.fr","phone":"(+33) 6 21 56 22 18","picture":"https://avatars.githubusercontent.com/u/71938701?v=4"},"seo":{"title":"My website","description":"My website description","url":"https://mywebsite.com","lang":"en"},"socials":{"github":"https://github.com/myusername","twitter":"https://twitter.com/myusername","linkedin":"https://www.linkedin.com/in/myusername","instagram":"https://www.instagram.com/myusername","spotify":"https://open.spotify.com/user/myusername"}}},"default":{"icon":{"size":{},"class":"","attrs":{"aria-hidden":true},"mode":"css","aliases":{},"cssSelectorPrefix":"i-","cssLayer":{},"cssWherePseudo":true,"collections":null,"customCollections":null,"iconifyApiEndpoint":"https://api.iconify.design","fallbackToApi":true,"localApiEndpoint":"/api/_nuxt_icon","fetchTimeout":1500},"global":{"meetingLink":"https://ghofran.armatzone.com","available":true},"profile":{"name":"Hugo Richard","job":"Front-end developer","email":"contact@hrcd.fr","phone":"(+33) 6 21 56 22 18","picture":"https://avatars.githubusercontent.com/u/71938701?v=4"},"seo":{"title":"My website","description":"My website description","url":"https://mywebsite.com","lang":"en"},"socials":{"github":"https://github.com/myusername","twitter":"https://twitter.com/myusername","linkedin":"https://www.linkedin.com/in/myusername","instagram":"https://www.instagram.com/myusername","spotify":"https://open.spotify.com/user/myusername"}}},"appConfig":{"nuxt":{},"ui":{"colors":{"primary":"emerald","secondary":"blue","success":"green","info":"blue","warning":"yellow","error":"red","neutral":"neutral"},"icons":{"arrowDown":"i-lucide-arrow-down","arrowLeft":"i-lucide-arrow-left","arrowRight":"i-lucide-arrow-right","arrowUp":"i-lucide-arrow-up","caution":"i-lucide-circle-alert","check":"i-lucide-check","chevronDoubleLeft":"i-lucide-chevrons-left","chevronDoubleRight":"i-lucide-chevrons-right","chevronDown":"i-lucide-chevron-down","chevronLeft":"i-lucide-chevron-left","chevronRight":"i-lucide-chevron-right","chevronUp":"i-lucide-chevron-up","close":"i-lucide-x","copy":"i-lucide-copy","copyCheck":"i-lucide-copy-check","dark":"i-lucide-moon","ellipsis":"i-lucide-ellipsis","error":"i-lucide-circle-x","external":"i-lucide-arrow-up-right","eye":"i-lucide-eye","eyeOff":"i-lucide-eye-off","file":"i-lucide-file","folder":"i-lucide-folder","folderOpen":"i-lucide-folder-open","hash":"i-lucide-hash","info":"i-lucide-info","light":"i-lucide-sun","loading":"lucide:loader","menu":"i-lucide-menu","minus":"i-lucide-minus","panelClose":"i-lucide-panel-left-close","panelOpen":"i-lucide-panel-left-open","plus":"i-lucide-plus","reload":"i-lucide-rotate-ccw","search":"i-lucide-search","stop":"i-lucide-square","success":"i-lucide-circle-check","system":"i-lucide-monitor","tip":"i-lucide-lightbulb","upload":"i-lucide-upload","warning":"i-lucide-triangle-alert"},"notifications":{"position":"top-0 bottom-auto"},"notification":{"progress":{"base":"absolute bottom-0 end-0 start-0 h-0","background":"bg-transparent dark:bg-transparent"}},"button":{"slots":{"base":"cursor-pointer"},"defaultVariants":{"color":"neutral"}},"input":{"defaultVariants":{"color":"neutral"}},"textarea":{"defaultVariants":{"color":"neutral"}}},"icon":{"provider":"iconify","class":"","aliases":{},"iconifyApiEndpoint":"https://api.iconify.design","localApiEndpoint":"/api/_nuxt_icon","fallbackToApi":true,"cssSelectorPrefix":"i-","cssWherePseudo":true,"cssLayer":"components","mode":"css","attrs":{"aria-hidden":true},"collections":["academicons","akar-icons","ant-design","arcticons","basil","bi","bitcoin-icons","bpmn","brandico","bx","bxl","bxs","bytesize","carbon","catppuccin","cbi","charm","ci","cib","cif","cil","circle-flags","circum","clarity","codicon","covid","cryptocurrency","cryptocurrency-color","dashicons","devicon","devicon-plain","ei","el","emojione","emojione-monotone","emojione-v1","entypo","entypo-social","eos-icons","ep","et","eva","f7","fa","fa-brands","fa-regular","fa-solid","fa6-brands","fa6-regular","fa6-solid","fad","fe","feather","file-icons","flag","flagpack","flat-color-icons","flat-ui","flowbite","fluent","fluent-emoji","fluent-emoji-flat","fluent-emoji-high-contrast","fluent-mdl2","fontelico","fontisto","formkit","foundation","fxemoji","gala","game-icons","geo","gg","gis","gravity-ui","gridicons","grommet-icons","guidance","healthicons","heroicons","heroicons-outline","heroicons-solid","hugeicons","humbleicons","ic","icomoon-free","icon-park","icon-park-outline","icon-park-solid","icon-park-twotone","iconamoon","iconoir","icons8","il","ion","iwwa","jam","la","lets-icons","line-md","logos","ls","lucide","lucide-lab","mage","majesticons","maki","map","marketeq","material-symbols","material-symbols-light","mdi","mdi-light","medical-icon","memory","meteocons","mi","mingcute","mono-icons","mynaui","nimbus","nonicons","noto","noto-v1","octicon","oi","ooui","openmoji","oui","pajamas","pepicons","pepicons-pencil","pepicons-pop","pepicons-print","ph","pixelarticons","prime","ps","quill","radix-icons","raphael","ri","rivet-icons","si-glyph","simple-icons","simple-line-icons","skill-icons","solar","streamline","streamline-emojis","subway","svg-spinners","system-uicons","tabler","tdesign","teenyicons","token","token-branded","topcoat","twemoji","typcn","uil","uim","uis","uit","uiw","unjs","vaadin","vs","vscode-icons","websymbol","weui","whh","wi","wpf","zmdi","zondicons","custom"],"fetchTimeout":1500,"customCollections":["custom","custom"]},"global":{"meetingLink":"/fa/contact","available":false},"profile":{"name":"Mohammad Hossein Ghofran","job":"Backend developer","email":"mhg4660@gmail.com","phone":"(+989)933409540","picture":"https://avatars.githubusercontent.com/u/120258023?v=4"},"socials":{"github":"https://github.com/Ghofran565","discord":"https://discord.gg/9ngaRvjGBp","telegram":"https://t.me/@ghofran565"},"seo":{"title":"Mohammad Hossein Ghofran | About me","description":"This is a simple About me website just for me and i have got nothing else to say","url":"https://ghofran.armatzone.com"},"link":[{"rel":"icon","type":"image/x-icon","href":"/favicon.ico"},{"rel":"apple-touch-icon","sizes":"180x180","href":"/apple-touch-icon.png"},{"rel":"icon","type":"image/png","sizes":"32x32","href":"/favicon-32x32.png"},{"rel":"icon","type":"image/png","sizes":"16x16","href":"/favicon-16x16.png"},{"rel":"manifest","href":"/site.webmanifest"}]},"components":[{"name":"About","path":"app/components/content/About.vue","meta":{"props":[],"slots":[{"name":"title","type":"{ mdcUnwrap: string; }","description":"","schema":{"kind":"object","type":"{ mdcUnwrap: string; }","schema":{"mdcUnwrap":{"name":"mdcUnwrap","global":false,"description":"","tags":[],"required":true,"type":"string","schema":"string"}}}},{"name":"subtitle","type":"{ mdcUnwrap: string; }","description":"","schema":{"kind":"object","type":"{ mdcUnwrap: string; }","schema":{"mdcUnwrap":{"name":"mdcUnwrap","global":false,"description":"","tags":[],"required":true,"type":"string","schema":"string"}}}},{"name":"intro","type":"{ mdcUnwrap: string; }","description":"","schema":{"kind":"object","type":"{ mdcUnwrap: string; }","schema":{"mdcUnwrap":{"name":"mdcUnwrap","global":false,"description":"","tags":[],"required":true,"type":"string","schema":"string"}}}},{"name":"experiences","type":"{ mdcUnwrap: string; }","description":"","schema":{"kind":"object","type":"{ mdcUnwrap: string; }","schema":{"mdcUnwrap":{"name":"mdcUnwrap","global":false,"description":"","tags":[],"required":true,"type":"string","schema":"string"}}}},{"name":"stack_title","type":"{ mdcUnwrap: string; }","description":"","schema":{"kind":"object","type":"{ mdcUnwrap: string; }","schema":{"mdcUnwrap":{"name":"mdcUnwrap","global":false,"description":"","tags":[],"required":true,"type":"string","schema":"string"}}}},{"name":"stack_description","type":"{ mdcUnwrap: string; }","description":"","schema":{"kind":"object","type":"{ mdcUnwrap: string; }","schema":{"mdcUnwrap":{"name":"mdcUnwrap","global":false,"description":"","tags":[],"required":true,"type":"string","schema":"string"}}}}],"events":[]}},{"name":"Contact","path":"app/components/content/Contact.vue","meta":{"props":[],"slots":[{"name":"title","type":"{ mdcUnwrap: string; }","description":"","schema":{"kind":"object","type":"{ mdcUnwrap: string; }","schema":{"mdcUnwrap":{"name":"mdcUnwrap","global":false,"description":"","tags":[],"required":true,"type":"string","schema":"string"}}}},{"name":"subtitle","type":"{ mdcUnwrap: string; }","description":"","schema":{"kind":"object","type":"{ mdcUnwrap: string; }","schema":{"mdcUnwrap":{"name":"mdcUnwrap","global":false,"description":"","tags":[],"required":true,"type":"string","schema":"string"}}}}],"events":[]}},{"name":"Experiences","path":"app/components/content/Experiences.vue","meta":{"props":[{"name":"experiences","global":false,"description":"","tags":[],"required":true,"type":"{ title: string; date: string; company: string; }[]","schema":{"kind":"array","type":"{ title: string; date: string; company: string; }[]","schema":{"0":{"kind":"object","type":"{ title: string; date: string; company: string; }","schema":{"title":{"name":"title","global":false,"description":"","tags":[],"required":true,"type":"string","schema":"string"},"date":{"name":"date","global":false,"description":"","tags":[],"required":true,"type":"string","schema":"string"},"company":{"name":"company","global":false,"description":"","tags":[],"required":true,"type":"string","schema":"string"}}}}}}],"slots":[],"events":[]}},{"name":"Home","path":"app/components/content/Home.vue","meta":{"props":[],"slots":[{"name":"hero_title","type":"{ mdcUnwrap: string; }","description":"","schema":{"kind":"object","type":"{ mdcUnwrap: string; }","schema":{"mdcUnwrap":{"name":"mdcUnwrap","global":false,"description":"","tags":[],"required":true,"type":"string","schema":"string"}}}},{"name":"hero_subtitle","type":"{ mdcUnwrap: string; }","description":"","schema":{"kind":"object","type":"{ mdcUnwrap: string; }","schema":{"mdcUnwrap":{"name":"mdcUnwrap","global":false,"description":"","tags":[],"required":true,"type":"string","schema":"string"}}}}],"events":[]}},{"name":"Works","path":"app/components/content/Works.vue","meta":{"props":[],"slots":[{"name":"title","type":"{ mdcUnwrap: string; }","description":"","schema":{"kind":"object","type":"{ mdcUnwrap: string; }","schema":{"mdcUnwrap":{"name":"mdcUnwrap","global":false,"description":"","tags":[],"required":true,"type":"string","schema":"string"}}}},{"name":"subtitle","type":"{ mdcUnwrap: string; }","description":"","schema":{"kind":"object","type":"{ mdcUnwrap: string; }","schema":{"mdcUnwrap":{"name":"mdcUnwrap","global":false,"description":"","tags":[],"required":true,"type":"string","schema":"string"}}}}],"events":[]}},{"name":"Writing","path":"app/components/content/Writing.vue","meta":{"props":[],"slots":[{"name":"title","type":"{ mdcUnwrap: string; }","description":"","schema":{"kind":"object","type":"{ mdcUnwrap: string; }","schema":{"mdcUnwrap":{"name":"mdcUnwrap","global":false,"description":"","tags":[],"required":true,"type":"string","schema":"string"}}}},{"name":"subtitle","type":"{ mdcUnwrap: string; }","description":"","schema":{"kind":"object","type":"{ mdcUnwrap: string; }","schema":{"mdcUnwrap":{"name":"mdcUnwrap","global":false,"description":"","tags":[],"required":true,"type":"string","schema":"string"}}}}],"events":[]}},{"name":"ProseADVue","path":"node_modules/.pnpm/@nuxt+ui@4.0.1_@babel+parse_d753974939cdb533e4c7ace763b14cd0/node_modules/@nuxt/ui/dist/runtime/components/prose/A.d.vue.ts","meta":{"props":[{"name":"href","global":false,"description":"","tags":[],"required":false,"type":"string","schema":"string"},{"name":"target","global":false,"description":"","tags":[],"required":false,"type":"\"_blank\" | \"_parent\" | \"_self\" | \"_top\"","schema":{"kind":"enum","type":"\"_blank\" | \"_parent\" | \"_self\" | \"_top\"","schema":{"0":"\"_blank\"","1":"\"_parent\"","2":"\"_self\"","3":"\"_top\""}}}],"slots":[{"name":"default","type":"{}","description":"","schema":{"kind":"object","type":"{}","schema":{}}}],"events":[]}},{"name":"ProseA","path":"node_modules/.pnpm/@nuxt+ui@4.0.1_@babel+parse_d753974939cdb533e4c7ace763b14cd0/node_modules/@nuxt/ui/dist/runtime/components/prose/A.vue","meta":{"props":[],"slots":[],"events":[]}},{"name":"ProseAccordionDVue","path":"node_modules/.pnpm/@nuxt+ui@4.0.1_@babel+parse_d753974939cdb533e4c7ace763b14cd0/node_modules/@nuxt/ui/dist/runtime/components/prose/Accordion.d.vue.ts","meta":{"props":[{"name":"type","global":false,"description":"","tags":[],"required":false,"type":"\"single\" | \"multiple\"","schema":{"kind":"enum","type":"\"single\" | \"multiple\"","schema":{"0":"\"single\"","1":"\"multiple\""}}}],"slots":[{"name":"default","type":"{}","description":"","schema":{"kind":"object","type":"{}","schema":{}}}],"events":[]}},{"name":"ProseAccordion","path":"node_modules/.pnpm/@nuxt+ui@4.0.1_@babel+parse_d753974939cdb533e4c7ace763b14cd0/node_modules/@nuxt/ui/dist/runtime/components/prose/Accordion.vue","meta":{"props":[],"slots":[],"events":[]}},{"name":"ProseAccordionItemDVue","path":"node_modules/.pnpm/@nuxt+ui@4.0.1_@babel+parse_d753974939cdb533e4c7ace763b14cd0/node_modules/@nuxt/ui/dist/runtime/components/prose/AccordionItem.d.vue.ts","meta":{"props":[{"name":"label","global":false,"description":"","tags":[],"required":true,"type":"string","schema":"string"},{"name":"description","global":false,"description":"","tags":[],"required":false,"type":"string","schema":"string"}],"slots":[{"name":"default","type":"{}","description":"","schema":{"kind":"object","type":"{}","schema":{}}}],"events":[]}},{"name":"ProseAccordionItem","path":"node_modules/.pnpm/@nuxt+ui@4.0.1_@babel+parse_d753974939cdb533e4c7ace763b14cd0/node_modules/@nuxt/ui/dist/runtime/components/prose/AccordionItem.vue","meta":{"props":[],"slots":[],"events":[]}},{"name":"ProseBadgeDVue","path":"node_modules/.pnpm/@nuxt+ui@4.0.1_@babel+parse_d753974939cdb533e4c7ace763b14cd0/node_modules/@nuxt/ui/dist/runtime/components/prose/Badge.d.vue.ts","meta":{"props":[],"slots":[{"name":"default","type":"{}","description":"","schema":{"kind":"object","type":"{}","schema":{}}}],"events":[]}},{"name":"ProseBadge","path":"node_modules/.pnpm/@nuxt+ui@4.0.1_@babel+parse_d753974939cdb533e4c7ace763b14cd0/node_modules/@nuxt/ui/dist/runtime/components/prose/Badge.vue","meta":{"props":[],"slots":[],"events":[]}},{"name":"ProseBlockquoteDVue","path":"node_modules/.pnpm/@nuxt+ui@4.0.1_@babel+parse_d753974939cdb533e4c7ace763b14cd0/node_modules/@nuxt/ui/dist/runtime/components/prose/Blockquote.d.vue.ts","meta":{"props":[],"slots":[{"name":"default","type":"{}","description":"","schema":{"kind":"object","type":"{}","schema":{}}}],"events":[]}},{"name":"ProseBlockquote","path":"node_modules/.pnpm/@nuxt+ui@4.0.1_@babel+parse_d753974939cdb533e4c7ace763b14cd0/node_modules/@nuxt/ui/dist/runtime/components/prose/Blockquote.vue","meta":{"props":[],"slots":[],"events":[]}},{"name":"ProseCalloutDVue","path":"node_modules/.pnpm/@nuxt+ui@4.0.1_@babel+parse_d753974939cdb533e4c7ace763b14cd0/node_modules/@nuxt/ui/dist/runtime/components/prose/Callout.d.vue.ts","meta":{"props":[{"name":"to","global":false,"description":"","tags":[],"required":false,"type":"string | RouteLocationAsRelativeGeneric | RouteLocationAsPathGeneric","schema":{"kind":"enum","type":"string | RouteLocationAsRelativeGeneric | RouteLocationAsPathGeneric","schema":{"0":"string","1":{"kind":"object","type":"RouteLocationAsRelativeGeneric","schema":{"name":{"name":"name","global":false,"description":"","tags":[],"required":false,"type":"RouteRecordNameGeneric","schema":{"kind":"enum","type":"RouteRecordNameGeneric","schema":{"0":"string","1":"symbol"}}},"params":{"name":"params","global":false,"description":"","tags":[],"required":false,"type":"RouteParamsRawGeneric","schema":"RouteParamsRawGeneric"},"path":{"name":"path","global":false,"description":"A relative path to the current location. This property should be removed","tags":[],"required":false,"type":"undefined","schema":"undefined"},"query":{"name":"query","global":false,"description":"","tags":[],"required":false,"type":"LocationQueryRaw","schema":"LocationQueryRaw"},"hash":{"name":"hash","global":false,"description":"","tags":[],"required":false,"type":"string","schema":"string"},"replace":{"name":"replace","global":false,"description":"Replace the entry in the history instead of pushing a new entry","tags":[],"required":false,"type":"boolean","schema":{"kind":"enum","type":"boolean","schema":{"0":"false","1":"true"}}},"force":{"name":"force","global":false,"description":"Triggers the navigation even if the location is the same as the current one.\r\nNote this will also add a new entry to the history unless `replace: true`\r\nis passed.","tags":[],"required":false,"type":"boolean","schema":"boolean"},"state":{"name":"state","global":false,"description":"State to save using the History API. This cannot contain any reactive\r\nvalues and some primitives like Symbols are forbidden. More info at\r\nhttps://developer.mozilla.org/en-US/docs/Web/API/History/state","tags":[],"required":false,"type":"HistoryState","schema":{"kind":"object","type":"HistoryState","schema":{}}}}},"2":{"kind":"object","type":"RouteLocationAsPathGeneric","schema":{"path":{"name":"path","global":false,"description":"Percentage encoded pathname section of the URL.","tags":[],"required":true,"type":"string","schema":"string"},"query":{"name":"query","global":false,"description":"","tags":[],"required":false,"type":"LocationQueryRaw","schema":"LocationQueryRaw"},"hash":{"name":"hash","global":false,"description":"","tags":[],"required":false,"type":"string","schema":"string"},"replace":{"name":"replace","global":false,"description":"Replace the entry in the history instead of pushing a new entry","tags":[],"required":false,"type":"boolean","schema":"boolean"},"force":{"name":"force","global":false,"description":"Triggers the navigation even if the location is the same as the current one.\r\nNote this will also add a new entry to the history unless `replace: true`\r\nis passed.","tags":[],"required":false,"type":"boolean","schema":"boolean"},"state":{"name":"state","global":false,"description":"State to save using the History API. This cannot contain any reactive\r\nvalues and some primitives like Symbols are forbidden. More info at\r\nhttps://developer.mozilla.org/en-US/docs/Web/API/History/state","tags":[],"required":false,"type":"HistoryState","schema":"HistoryState"}}}}}},{"name":"target","global":false,"description":"","tags":[],"required":false,"type":"\"_blank\" | \"_parent\" | \"_self\" | \"_top\" | (string & {})","schema":{"kind":"enum","type":"\"_blank\" | \"_parent\" | \"_self\" | \"_top\" | (string & {})","schema":{"0":"\"_blank\"","1":"\"_parent\"","2":"\"_self\"","3":"\"_top\"","4":{"kind":"object","type":"string & {}","schema":{}}}}},{"name":"icon","global":false,"description":"","tags":[],"required":false,"type":"string | object","schema":{"kind":"enum","type":"string | object","schema":{"0":"string","1":"object"}}},{"name":"color","global":false,"description":"","tags":[{"name":"defaultValue","text":"'neutral'"}],"required":false,"type":"\"primary\" | \"secondary\" | \"success\" | \"info\" | \"warning\" | \"error\" | \"neutral\"","schema":{"kind":"enum","type":"\"primary\" | \"secondary\" | \"success\" | \"info\" | \"warning\" | \"error\" | \"neutral\"","schema":{"0":"\"primary\"","1":"\"secondary\"","2":"\"success\"","3":"\"info\"","4":"\"warning\"","5":"\"error\"","6":"\"neutral\""}}},{"name":"ui","global":false,"description":"","tags":[],"required":false,"type":"{ base?: ClassNameValue; icon?: ClassNameValue; externalIcon?: ClassNameValue; }","schema":"{ base?: ClassNameValue; icon?: ClassNameValue; externalIcon?: ClassNameValue; }"}],"slots":[{"name":"default","type":"{}","description":"","schema":{"kind":"object","type":"{}","schema":{}}}],"events":[]}},{"name":"ProseCallout","path":"node_modules/.pnpm/@nuxt+ui@4.0.1_@babel+parse_d753974939cdb533e4c7ace763b14cd0/node_modules/@nuxt/ui/dist/runtime/components/prose/Callout.vue","meta":{"props":[],"slots":[],"events":[]}},{"name":"ProseCardDVue","path":"node_modules/.pnpm/@nuxt+ui@4.0.1_@babel+parse_d753974939cdb533e4c7ace763b14cd0/node_modules/@nuxt/ui/dist/runtime/components/prose/Card.d.vue.ts","meta":{"props":[{"name":"to","global":false,"description":"","tags":[],"required":false,"type":"string | RouteLocationAsRelativeGeneric | RouteLocationAsPathGeneric","schema":{"kind":"enum","type":"string | RouteLocationAsRelativeGeneric | RouteLocationAsPathGeneric","schema":{"0":"string","1":{"kind":"object","type":"RouteLocationAsRelativeGeneric","schema":{"name":{"name":"name","global":false,"description":"","tags":[],"required":false,"type":"RouteRecordNameGeneric","schema":{"kind":"enum","type":"RouteRecordNameGeneric","schema":{"0":"string","1":"symbol"}}},"params":{"name":"params","global":false,"description":"","tags":[],"required":false,"type":"RouteParamsRawGeneric","schema":"RouteParamsRawGeneric"},"path":{"name":"path","global":false,"description":"A relative path to the current location. This property should be removed","tags":[],"required":false,"type":"undefined","schema":"undefined"},"query":{"name":"query","global":false,"description":"","tags":[],"required":false,"type":"LocationQueryRaw","schema":"LocationQueryRaw"},"hash":{"name":"hash","global":false,"description":"","tags":[],"required":false,"type":"string","schema":"string"},"replace":{"name":"replace","global":false,"description":"Replace the entry in the history instead of pushing a new entry","tags":[],"required":false,"type":"boolean","schema":{"kind":"enum","type":"boolean","schema":{"0":"false","1":"true"}}},"force":{"name":"force","global":false,"description":"Triggers the navigation even if the location is the same as the current one.\r\nNote this will also add a new entry to the history unless `replace: true`\r\nis passed.","tags":[],"required":false,"type":"boolean","schema":"boolean"},"state":{"name":"state","global":false,"description":"State to save using the History API. This cannot contain any reactive\r\nvalues and some primitives like Symbols are forbidden. More info at\r\nhttps://developer.mozilla.org/en-US/docs/Web/API/History/state","tags":[],"required":false,"type":"HistoryState","schema":{"kind":"object","type":"HistoryState","schema":{}}}}},"2":{"kind":"object","type":"RouteLocationAsPathGeneric","schema":{"path":{"name":"path","global":false,"description":"Percentage encoded pathname section of the URL.","tags":[],"required":true,"type":"string","schema":"string"},"query":{"name":"query","global":false,"description":"","tags":[],"required":false,"type":"LocationQueryRaw","schema":"LocationQueryRaw"},"hash":{"name":"hash","global":false,"description":"","tags":[],"required":false,"type":"string","schema":"string"},"replace":{"name":"replace","global":false,"description":"Replace the entry in the history instead of pushing a new entry","tags":[],"required":false,"type":"boolean","schema":"boolean"},"force":{"name":"force","global":false,"description":"Triggers the navigation even if the location is the same as the current one.\r\nNote this will also add a new entry to the history unless `replace: true`\r\nis passed.","tags":[],"required":false,"type":"boolean","schema":"boolean"},"state":{"name":"state","global":false,"description":"State to save using the History API. This cannot contain any reactive\r\nvalues and some primitives like Symbols are forbidden. More info at\r\nhttps://developer.mozilla.org/en-US/docs/Web/API/History/state","tags":[],"required":false,"type":"HistoryState","schema":"HistoryState"}}}}}},{"name":"target","global":false,"description":"","tags":[],"required":false,"type":"\"_blank\" | \"_parent\" | \"_self\" | \"_top\" | (string & {})","schema":{"kind":"enum","type":"\"_blank\" | \"_parent\" | \"_self\" | \"_top\" | (string & {})","schema":{"0":"\"_blank\"","1":"\"_parent\"","2":"\"_self\"","3":"\"_top\"","4":{"kind":"object","type":"string & {}","schema":{}}}}},{"name":"icon","global":false,"description":"","tags":[],"required":false,"type":"string | object","schema":{"kind":"enum","type":"string | object","schema":{"0":"string","1":"object"}}},{"name":"title","global":false,"description":"","tags":[],"required":false,"type":"string","schema":"string"},{"name":"description","global":false,"description":"","tags":[],"required":false,"type":"string","schema":"string"},{"name":"color","global":false,"description":"","tags":[{"name":"defaultValue","text":"'primary'"}],"required":false,"type":"\"primary\" | \"secondary\" | \"success\" | \"info\" | \"warning\" | \"error\" | \"neutral\"","schema":{"kind":"enum","type":"\"primary\" | \"secondary\" | \"success\" | \"info\" | \"warning\" | \"error\" | \"neutral\"","schema":{"0":"\"primary\"","1":"\"secondary\"","2":"\"success\"","3":"\"info\"","4":"\"warning\"","5":"\"error\"","6":"\"neutral\""}}},{"name":"ui","global":false,"description":"","tags":[],"required":false,"type":"{ base?: ClassNameValue; icon?: ClassNameValue; title?: ClassNameValue; description?: ClassNameValue; externalIcon?: ClassNameValue; }","schema":"{ base?: ClassNameValue; icon?: ClassNameValue; title?: ClassNameValue; description?: ClassNameValue; externalIcon?: ClassNameValue; }"}],"slots":[{"name":"default","type":"{}","description":"","schema":{"kind":"object","type":"{}","schema":{}}},{"name":"title","type":"{}","description":"","schema":{"kind":"object","type":"{}","schema":{}}}],"events":[]}},{"name":"ProseCard","path":"node_modules/.pnpm/@nuxt+ui@4.0.1_@babel+parse_d753974939cdb533e4c7ace763b14cd0/node_modules/@nuxt/ui/dist/runtime/components/prose/Card.vue","meta":{"props":[],"slots":[],"events":[]}},{"name":"ProseCardGroupDVue","path":"node_modules/.pnpm/@nuxt+ui@4.0.1_@babel+parse_d753974939cdb533e4c7ace763b14cd0/node_modules/@nuxt/ui/dist/runtime/components/prose/CardGroup.d.vue.ts","meta":{"props":[],"slots":[{"name":"default","type":"{}","description":"","schema":{"kind":"object","type":"{}","schema":{}}}],"events":[]}},{"name":"ProseCardGroup","path":"node_modules/.pnpm/@nuxt+ui@4.0.1_@babel+parse_d753974939cdb533e4c7ace763b14cd0/node_modules/@nuxt/ui/dist/runtime/components/prose/CardGroup.vue","meta":{"props":[],"slots":[],"events":[]}},{"name":"ProseCodeDVue","path":"node_modules/.pnpm/@nuxt+ui@4.0.1_@babel+parse_d753974939cdb533e4c7ace763b14cd0/node_modules/@nuxt/ui/dist/runtime/components/prose/Code.d.vue.ts","meta":{"props":[{"name":"lang","global":false,"description":"","tags":[],"required":false,"type":"string","schema":"string"},{"name":"color","global":false,"description":"","tags":[{"name":"defaultValue","text":"'neutral'"}],"required":false,"type":"\"neutral\" | \"primary\" | \"secondary\" | \"success\" | \"info\" | \"warning\" | \"error\"","schema":{"kind":"enum","type":"\"neutral\" | \"primary\" | \"secondary\" | \"success\" | \"info\" | \"warning\" | \"error\"","schema":{"0":"\"neutral\"","1":"\"primary\"","2":"\"secondary\"","3":"\"success\"","4":"\"info\"","5":"\"warning\"","6":"\"error\""}}}],"slots":[{"name":"default","type":"{}","description":"","schema":{"kind":"object","type":"{}","schema":{}}}],"events":[]}},{"name":"ProseCode","path":"node_modules/.pnpm/@nuxt+ui@4.0.1_@babel+parse_d753974939cdb533e4c7ace763b14cd0/node_modules/@nuxt/ui/dist/runtime/components/prose/Code.vue","meta":{"props":[],"slots":[],"events":[]}},{"name":"ProseCodeCollapseDVue","path":"node_modules/.pnpm/@nuxt+ui@4.0.1_@babel+parse_d753974939cdb533e4c7ace763b14cd0/node_modules/@nuxt/ui/dist/runtime/components/prose/CodeCollapse.d.vue.ts","meta":{"props":[{"name":"icon","global":false,"description":"The icon displayed to toggle the code.","tags":[{"name":"defaultValue","text":"appConfig.ui.icons.chevronDown"}],"required":false,"type":"string | object","schema":{"kind":"enum","type":"string | object","schema":{"0":"string","1":"object"}}},{"name":"name","global":false,"description":"The name displayed in the trigger label.","tags":[{"name":"defaultValue","text":"t('prose.codeCollapse.name')"}],"required":false,"type":"string","schema":"string"},{"name":"openText","global":false,"description":"The text displayed when the code is collapsed.","tags":[{"name":"defaultValue","text":"t('prose.codeCollapse.openText')"}],"required":false,"type":"string","schema":"string"},{"name":"closeText","global":false,"description":"The text displayed when the code is expanded.","tags":[{"name":"defaultValue","text":"t('prose.codeCollapse.closeText')"}],"required":false,"type":"string","schema":"string"},{"name":"ui","global":false,"description":"","tags":[],"required":false,"type":"{ root?: ClassNameValue; footer?: ClassNameValue; trigger?: ClassNameValue; triggerIcon?: ClassNameValue; }","schema":"{ root?: ClassNameValue; footer?: ClassNameValue; trigger?: ClassNameValue; triggerIcon?: ClassNameValue; }"},{"name":"open","global":false,"description":"","tags":[],"required":false,"type":"boolean","schema":{"kind":"enum","type":"boolean","schema":{"0":"false","1":"true"}}}],"slots":[{"name":"default","type":"{}","description":"","schema":{"kind":"object","type":"{}","schema":{}}}],"events":[{"name":"update:open","description":"","tags":[],"type":"[value: boolean]","signature":"(event: \"update:open\", value: boolean): void","schema":[{"kind":"enum","type":"boolean","schema":["false","true"]}]}]}},{"name":"ProseCodeCollapse","path":"node_modules/.pnpm/@nuxt+ui@4.0.1_@babel+parse_d753974939cdb533e4c7ace763b14cd0/node_modules/@nuxt/ui/dist/runtime/components/prose/CodeCollapse.vue","meta":{"props":[],"slots":[],"events":[]}},{"name":"ProseCodeGroupDVue","path":"node_modules/.pnpm/@nuxt+ui@4.0.1_@babel+parse_d753974939cdb533e4c7ace763b14cd0/node_modules/@nuxt/ui/dist/runtime/components/prose/CodeGroup.d.vue.ts","meta":{"props":[{"name":"defaultValue","global":false,"description":"The default tab to select.","tags":[{"name":"example","text":"'1'"}],"required":false,"type":"string","schema":"string"},{"name":"sync","global":false,"description":"Sync the selected tab with a local storage key.","tags":[],"required":false,"type":"string","schema":"string"},{"name":"ui","global":false,"description":"","tags":[],"required":false,"type":"{ root?: ClassNameValue; list?: ClassNameValue; indicator?: ClassNameValue; trigger?: ClassNameValue; triggerIcon?: ClassNameValue; triggerLabel?: ClassNameValue; }","schema":"{ root?: ClassNameValue; list?: ClassNameValue; indicator?: ClassNameValue; trigger?: ClassNameValue; triggerIcon?: ClassNameValue; triggerLabel?: ClassNameValue; }"},{"name":"modelValue","global":false,"description":"","tags":[],"required":false,"type":"string","schema":"string"}],"slots":[{"name":"default","type":"{}","description":"","schema":{"kind":"object","type":"{}","schema":{}}}],"events":[{"name":"update:modelValue","description":"","tags":[],"type":"[value: string]","signature":"(event: \"update:modelValue\", value: string): void","schema":["string"]}]}},{"name":"ProseCodeGroup","path":"node_modules/.pnpm/@nuxt+ui@4.0.1_@babel+parse_d753974939cdb533e4c7ace763b14cd0/node_modules/@nuxt/ui/dist/runtime/components/prose/CodeGroup.vue","meta":{"props":[],"slots":[],"events":[]}},{"name":"ProseCodeIconDVue","path":"node_modules/.pnpm/@nuxt+ui@4.0.1_@babel+parse_d753974939cdb533e4c7ace763b14cd0/node_modules/@nuxt/ui/dist/runtime/components/prose/CodeIcon.d.vue.ts","meta":{"props":[{"name":"icon","global":false,"description":"","tags":[],"required":false,"type":"string | object","schema":{"kind":"enum","type":"string | object","schema":{"0":"string","1":"object"}}},{"name":"filename","global":false,"description":"","tags":[],"required":false,"type":"string","schema":"string"}],"slots":[],"events":[]}},{"name":"ProseCodeIcon","path":"node_modules/.pnpm/@nuxt+ui@4.0.1_@babel+parse_d753974939cdb533e4c7ace763b14cd0/node_modules/@nuxt/ui/dist/runtime/components/prose/CodeIcon.vue","meta":{"props":[],"slots":[],"events":[]}},{"name":"ProseCodePreviewDVue","path":"node_modules/.pnpm/@nuxt+ui@4.0.1_@babel+parse_d753974939cdb533e4c7ace763b14cd0/node_modules/@nuxt/ui/dist/runtime/components/prose/CodePreview.d.vue.ts","meta":{"props":[{"name":"ui","global":false,"description":"","tags":[],"required":false,"type":"{ root?: ClassNameValue; preview?: ClassNameValue; code?: ClassNameValue; }","schema":"{ root?: ClassNameValue; preview?: ClassNameValue; code?: ClassNameValue; }"}],"slots":[{"name":"default","type":"{}","description":"","schema":{"kind":"object","type":"{}","schema":{}}},{"name":"code","type":"{}","description":"","schema":{"kind":"object","type":"{}","schema":{}}}],"events":[]}},{"name":"ProseCodePreview","path":"node_modules/.pnpm/@nuxt+ui@4.0.1_@babel+parse_d753974939cdb533e4c7ace763b14cd0/node_modules/@nuxt/ui/dist/runtime/components/prose/CodePreview.vue","meta":{"props":[],"slots":[],"events":[]}},{"name":"ProseCodeTreeDVue","path":"node_modules/.pnpm/@nuxt+ui@4.0.1_@babel+parse_d753974939cdb533e4c7ace763b14cd0/node_modules/@nuxt/ui/dist/runtime/components/prose/CodeTree.d.vue.ts","meta":{"props":[{"name":"defaultValue","global":false,"description":"The default path to select.","tags":[{"name":"example","text":"'package.json'"}],"required":false,"type":"string","schema":"string"},{"name":"ui","global":false,"description":"","tags":[],"required":false,"type":"{ root?: ClassNameValue; list?: ClassNameValue; item?: ClassNameValue; listWithChildren?: ClassNameValue; itemWithChildren?: ClassNameValue; link?: ClassNameValue; linkLeadingIcon?: ClassNameValue; linkLabel?: ClassNameValue; linkTrailing?: ClassNameValue; linkTrailingIcon?: ClassNameValue; content?: ClassNameValue; }","schema":"{ root?: ClassNameValue; list?: ClassNameValue; item?: ClassNameValue; listWithChildren?: ClassNameValue; itemWithChildren?: ClassNameValue; link?: ClassNameValue; linkLeadingIcon?: ClassNameValue; linkLabel?: ClassNameValue; linkTrailing?: ClassNameValue; linkTrailingIcon?: ClassNameValue; content?: ClassNameValue; }"},{"name":"expandAll","global":false,"description":"Expand all directories by default.","tags":[{"name":"defaultValue","text":"false"}],"required":false,"type":"boolean","schema":{"kind":"enum","type":"boolean","schema":{"0":"false","1":"true"}}}],"slots":[{"name":"default","type":"{}","description":"","schema":{"kind":"object","type":"{}","schema":{}}}],"events":[]}},{"name":"ProseCodeTree","path":"node_modules/.pnpm/@nuxt+ui@4.0.1_@babel+parse_d753974939cdb533e4c7ace763b14cd0/node_modules/@nuxt/ui/dist/runtime/components/prose/CodeTree.vue","meta":{"props":[],"slots":[],"events":[]}},{"name":"ProseCollapsibleDVue","path":"node_modules/.pnpm/@nuxt+ui@4.0.1_@babel+parse_d753974939cdb533e4c7ace763b14cd0/node_modules/@nuxt/ui/dist/runtime/components/prose/Collapsible.d.vue.ts","meta":{"props":[{"name":"icon","global":false,"description":"The icon displayed to toggle the collapsible.","tags":[{"name":"defaultValue","text":"appConfig.ui.icons.chevronDown"}],"required":false,"type":"string | object","schema":{"kind":"enum","type":"string | object","schema":{"0":"string","1":"object"}}},{"name":"name","global":false,"description":"The name displayed in the trigger label.","tags":[{"name":"defaultValue","text":"t('prose.collapsible.name')"}],"required":false,"type":"string","schema":"string"},{"name":"openText","global":false,"description":"The text displayed when the collapsible is open.","tags":[{"name":"defaultValue","text":"t('prose.collapsible.openText')"}],"required":false,"type":"string","schema":"string"},{"name":"closeText","global":false,"description":"The text displayed when the collapsible is closed.","tags":[{"name":"defaultValue","text":"t('prose.collapsible.closeText')"}],"required":false,"type":"string","schema":"string"},{"name":"ui","global":false,"description":"","tags":[],"required":false,"type":"{ root?: ClassNameValue; trigger?: ClassNameValue; triggerIcon?: ClassNameValue; triggerLabel?: ClassNameValue; content?: ClassNameValue; }","schema":"{ root?: ClassNameValue; trigger?: ClassNameValue; triggerIcon?: ClassNameValue; triggerLabel?: ClassNameValue; content?: ClassNameValue; }"}],"slots":[{"name":"default","type":"{}","description":"","schema":{"kind":"object","type":"{}","schema":{}}}],"events":[]}},{"name":"ProseCollapsible","path":"node_modules/.pnpm/@nuxt+ui@4.0.1_@babel+parse_d753974939cdb533e4c7ace763b14cd0/node_modules/@nuxt/ui/dist/runtime/components/prose/Collapsible.vue","meta":{"props":[],"slots":[],"events":[]}},{"name":"ProseEmDVue","path":"node_modules/.pnpm/@nuxt+ui@4.0.1_@babel+parse_d753974939cdb533e4c7ace763b14cd0/node_modules/@nuxt/ui/dist/runtime/components/prose/Em.d.vue.ts","meta":{"props":[],"slots":[{"name":"default","type":"{}","description":"","schema":{"kind":"object","type":"{}","schema":{}}}],"events":[]}},{"name":"ProseEm","path":"node_modules/.pnpm/@nuxt+ui@4.0.1_@babel+parse_d753974939cdb533e4c7ace763b14cd0/node_modules/@nuxt/ui/dist/runtime/components/prose/Em.vue","meta":{"props":[],"slots":[],"events":[]}},{"name":"ProseFieldDVue","path":"node_modules/.pnpm/@nuxt+ui@4.0.1_@babel+parse_d753974939cdb533e4c7ace763b14cd0/node_modules/@nuxt/ui/dist/runtime/components/prose/Field.d.vue.ts","meta":{"props":[{"name":"as","global":false,"description":"The element or component this component should render as.","tags":[{"name":"defaultValue","text":"'div'"}],"required":false,"type":"any","schema":"any"},{"name":"name","global":false,"description":"The name of the field.","tags":[],"required":false,"type":"string","schema":"string"},{"name":"type","global":false,"description":"Expected type of the field’s value","tags":[],"required":false,"type":"string","schema":"string"},{"name":"description","global":false,"description":"Description of the field","tags":[],"required":false,"type":"string","schema":"string"},{"name":"ui","global":false,"description":"","tags":[],"required":false,"type":"{ root?: ClassNameValue; container?: ClassNameValue; name?: ClassNameValue; wrapper?: ClassNameValue; required?: ClassNameValue; type?: ClassNameValue; description?: ClassNameValue; }","schema":"{ root?: ClassNameValue; container?: ClassNameValue; name?: ClassNameValue; wrapper?: ClassNameValue; required?: ClassNameValue; type?: ClassNameValue; description?: ClassNameValue; }"},{"name":"required","global":false,"description":"Indicate whether the field is required","tags":[],"required":false,"type":"boolean","schema":{"kind":"enum","type":"boolean","schema":{"0":"false","1":"true"}}}],"slots":[{"name":"default","type":"{}","description":"","schema":{"kind":"object","type":"{}","schema":{}}}],"events":[]}},{"name":"ProseField","path":"node_modules/.pnpm/@nuxt+ui@4.0.1_@babel+parse_d753974939cdb533e4c7ace763b14cd0/node_modules/@nuxt/ui/dist/runtime/components/prose/Field.vue","meta":{"props":[],"slots":[],"events":[]}},{"name":"ProseFieldGroupDVue","path":"node_modules/.pnpm/@nuxt+ui@4.0.1_@babel+parse_d753974939cdb533e4c7ace763b14cd0/node_modules/@nuxt/ui/dist/runtime/components/prose/FieldGroup.d.vue.ts","meta":{"props":[{"name":"as","global":false,"description":"The element or component this component should render as.","tags":[{"name":"defaultValue","text":"'div'"}],"required":false,"type":"any","schema":"any"}],"slots":[{"name":"default","type":"{}","description":"","schema":{"kind":"object","type":"{}","schema":{}}}],"events":[]}},{"name":"ProseFieldGroup","path":"node_modules/.pnpm/@nuxt+ui@4.0.1_@babel+parse_d753974939cdb533e4c7ace763b14cd0/node_modules/@nuxt/ui/dist/runtime/components/prose/FieldGroup.vue","meta":{"props":[],"slots":[],"events":[]}},{"name":"ProseH1DVue","path":"node_modules/.pnpm/@nuxt+ui@4.0.1_@babel+parse_d753974939cdb533e4c7ace763b14cd0/node_modules/@nuxt/ui/dist/runtime/components/prose/H1.d.vue.ts","meta":{"props":[{"name":"id","global":false,"description":"","tags":[],"required":false,"type":"string","schema":"string"},{"name":"ui","global":false,"description":"","tags":[],"required":false,"type":"{ base?: ClassNameValue; link?: ClassNameValue; }","schema":"{ base?: ClassNameValue; link?: ClassNameValue; }"}],"slots":[{"name":"default","type":"{}","description":"","schema":{"kind":"object","type":"{}","schema":{}}}],"events":[]}},{"name":"ProseH1","path":"node_modules/.pnpm/@nuxt+ui@4.0.1_@babel+parse_d753974939cdb533e4c7ace763b14cd0/node_modules/@nuxt/ui/dist/runtime/components/prose/H1.vue","meta":{"props":[],"slots":[],"events":[]}},{"name":"ProseH2DVue","path":"node_modules/.pnpm/@nuxt+ui@4.0.1_@babel+parse_d753974939cdb533e4c7ace763b14cd0/node_modules/@nuxt/ui/dist/runtime/components/prose/H2.d.vue.ts","meta":{"props":[{"name":"id","global":false,"description":"","tags":[],"required":false,"type":"string","schema":"string"},{"name":"ui","global":false,"description":"","tags":[],"required":false,"type":"{ base?: ClassNameValue; leading?: ClassNameValue; leadingIcon?: ClassNameValue; link?: ClassNameValue; }","schema":"{ base?: ClassNameValue; leading?: ClassNameValue; leadingIcon?: ClassNameValue; link?: ClassNameValue; }"}],"slots":[{"name":"default","type":"{}","description":"","schema":{"kind":"object","type":"{}","schema":{}}}],"events":[]}},{"name":"ProseH2","path":"node_modules/.pnpm/@nuxt+ui@4.0.1_@babel+parse_d753974939cdb533e4c7ace763b14cd0/node_modules/@nuxt/ui/dist/runtime/components/prose/H2.vue","meta":{"props":[],"slots":[],"events":[]}},{"name":"ProseH3DVue","path":"node_modules/.pnpm/@nuxt+ui@4.0.1_@babel+parse_d753974939cdb533e4c7ace763b14cd0/node_modules/@nuxt/ui/dist/runtime/components/prose/H3.d.vue.ts","meta":{"props":[{"name":"id","global":false,"description":"","tags":[],"required":false,"type":"string","schema":"string"},{"name":"ui","global":false,"description":"","tags":[],"required":false,"type":"{ base?: ClassNameValue; leading?: ClassNameValue; leadingIcon?: ClassNameValue; link?: ClassNameValue; }","schema":"{ base?: ClassNameValue; leading?: ClassNameValue; leadingIcon?: ClassNameValue; link?: ClassNameValue; }"}],"slots":[{"name":"default","type":"{}","description":"","schema":{"kind":"object","type":"{}","schema":{}}}],"events":[]}},{"name":"ProseH3","path":"node_modules/.pnpm/@nuxt+ui@4.0.1_@babel+parse_d753974939cdb533e4c7ace763b14cd0/node_modules/@nuxt/ui/dist/runtime/components/prose/H3.vue","meta":{"props":[],"slots":[],"events":[]}},{"name":"ProseH4DVue","path":"node_modules/.pnpm/@nuxt+ui@4.0.1_@babel+parse_d753974939cdb533e4c7ace763b14cd0/node_modules/@nuxt/ui/dist/runtime/components/prose/H4.d.vue.ts","meta":{"props":[{"name":"id","global":false,"description":"","tags":[],"required":false,"type":"string","schema":"string"},{"name":"ui","global":false,"description":"","tags":[],"required":false,"type":"{ base?: ClassNameValue; link?: ClassNameValue; }","schema":"{ base?: ClassNameValue; link?: ClassNameValue; }"}],"slots":[{"name":"default","type":"{}","description":"","schema":{"kind":"object","type":"{}","schema":{}}}],"events":[]}},{"name":"ProseH4","path":"node_modules/.pnpm/@nuxt+ui@4.0.1_@babel+parse_d753974939cdb533e4c7ace763b14cd0/node_modules/@nuxt/ui/dist/runtime/components/prose/H4.vue","meta":{"props":[],"slots":[],"events":[]}},{"name":"ProseHrDVue","path":"node_modules/.pnpm/@nuxt+ui@4.0.1_@babel+parse_d753974939cdb533e4c7ace763b14cd0/node_modules/@nuxt/ui/dist/runtime/components/prose/Hr.d.vue.ts","meta":{"props":[],"slots":[],"events":[]}},{"name":"ProseHr","path":"node_modules/.pnpm/@nuxt+ui@4.0.1_@babel+parse_d753974939cdb533e4c7ace763b14cd0/node_modules/@nuxt/ui/dist/runtime/components/prose/Hr.vue","meta":{"props":[],"slots":[],"events":[]}},{"name":"ProseIconDVue","path":"node_modules/.pnpm/@nuxt+ui@4.0.1_@babel+parse_d753974939cdb533e4c7ace763b14cd0/node_modules/@nuxt/ui/dist/runtime/components/prose/Icon.d.vue.ts","meta":{"props":[{"name":"name","global":false,"description":"","tags":[],"required":true,"type":"string","schema":"string"}],"slots":[],"events":[]}},{"name":"ProseIcon","path":"node_modules/.pnpm/@nuxt+ui@4.0.1_@babel+parse_d753974939cdb533e4c7ace763b14cd0/node_modules/@nuxt/ui/dist/runtime/components/prose/Icon.vue","meta":{"props":[],"slots":[],"events":[]}},{"name":"ProseImgDVue","path":"node_modules/.pnpm/@nuxt+ui@4.0.1_@babel+parse_d753974939cdb533e4c7ace763b14cd0/node_modules/@nuxt/ui/dist/runtime/components/prose/Img.d.vue.ts","meta":{"props":[{"name":"src","global":false,"description":"","tags":[],"required":true,"type":"string","schema":"string"},{"name":"alt","global":false,"description":"","tags":[],"required":true,"type":"string","schema":"string"},{"name":"width","global":false,"description":"","tags":[],"required":false,"type":"string | number","schema":{"kind":"enum","type":"string | number","schema":{"0":"string","1":"number"}}},{"name":"height","global":false,"description":"","tags":[],"required":false,"type":"string | number","schema":{"kind":"enum","type":"string | number","schema":{"0":"string","1":"number"}}},{"name":"ui","global":false,"description":"","tags":[],"required":false,"type":"{ base?: ClassNameValue; overlay?: ClassNameValue; content?: ClassNameValue; }","schema":"{ base?: ClassNameValue; overlay?: ClassNameValue; content?: ClassNameValue; }"},{"name":"zoom","global":false,"description":"Zoom image on click","tags":[{"name":"defaultValue","text":"true"}],"required":false,"type":"boolean","schema":{"kind":"enum","type":"boolean","schema":{"0":"false","1":"true"}}}],"slots":[],"events":[]}},{"name":"ProseImg","path":"node_modules/.pnpm/@nuxt+ui@4.0.1_@babel+parse_d753974939cdb533e4c7ace763b14cd0/node_modules/@nuxt/ui/dist/runtime/components/prose/Img.vue","meta":{"props":[],"slots":[],"events":[]}},{"name":"ProseKbdDVue","path":"node_modules/.pnpm/@nuxt+ui@4.0.1_@babel+parse_d753974939cdb533e4c7ace763b14cd0/node_modules/@nuxt/ui/dist/runtime/components/prose/Kbd.d.vue.ts","meta":{"props":[{"name":"value","global":false,"description":"","tags":[],"required":true,"type":"string","schema":"string"}],"slots":[],"events":[]}},{"name":"ProseKbd","path":"node_modules/.pnpm/@nuxt+ui@4.0.1_@babel+parse_d753974939cdb533e4c7ace763b14cd0/node_modules/@nuxt/ui/dist/runtime/components/prose/Kbd.vue","meta":{"props":[],"slots":[],"events":[]}},{"name":"ProseLiDVue","path":"node_modules/.pnpm/@nuxt+ui@4.0.1_@babel+parse_d753974939cdb533e4c7ace763b14cd0/node_modules/@nuxt/ui/dist/runtime/components/prose/Li.d.vue.ts","meta":{"props":[],"slots":[{"name":"default","type":"{}","description":"","schema":{"kind":"object","type":"{}","schema":{}}}],"events":[]}},{"name":"ProseLi","path":"node_modules/.pnpm/@nuxt+ui@4.0.1_@babel+parse_d753974939cdb533e4c7ace763b14cd0/node_modules/@nuxt/ui/dist/runtime/components/prose/Li.vue","meta":{"props":[],"slots":[],"events":[]}},{"name":"ProseOlDVue","path":"node_modules/.pnpm/@nuxt+ui@4.0.1_@babel+parse_d753974939cdb533e4c7ace763b14cd0/node_modules/@nuxt/ui/dist/runtime/components/prose/Ol.d.vue.ts","meta":{"props":[],"slots":[{"name":"default","type":"{}","description":"","schema":{"kind":"object","type":"{}","schema":{}}}],"events":[]}},{"name":"ProseOl","path":"node_modules/.pnpm/@nuxt+ui@4.0.1_@babel+parse_d753974939cdb533e4c7ace763b14cd0/node_modules/@nuxt/ui/dist/runtime/components/prose/Ol.vue","meta":{"props":[],"slots":[],"events":[]}},{"name":"ProsePDVue","path":"node_modules/.pnpm/@nuxt+ui@4.0.1_@babel+parse_d753974939cdb533e4c7ace763b14cd0/node_modules/@nuxt/ui/dist/runtime/components/prose/P.d.vue.ts","meta":{"props":[],"slots":[{"name":"default","type":"{}","description":"","schema":{"kind":"object","type":"{}","schema":{}}}],"events":[]}},{"name":"ProseP","path":"node_modules/.pnpm/@nuxt+ui@4.0.1_@babel+parse_d753974939cdb533e4c7ace763b14cd0/node_modules/@nuxt/ui/dist/runtime/components/prose/P.vue","meta":{"props":[],"slots":[],"events":[]}},{"name":"ProsePreDVue","path":"node_modules/.pnpm/@nuxt+ui@4.0.1_@babel+parse_d753974939cdb533e4c7ace763b14cd0/node_modules/@nuxt/ui/dist/runtime/components/prose/Pre.d.vue.ts","meta":{"props":[{"name":"icon","global":false,"description":"","tags":[],"required":false,"type":"string | object","schema":{"kind":"enum","type":"string | object","schema":{"0":"string","1":"object"}}},{"name":"code","global":false,"description":"","tags":[],"required":false,"type":"string","schema":"string"},{"name":"language","global":false,"description":"","tags":[],"required":false,"type":"string","schema":"string"},{"name":"filename","global":false,"description":"","tags":[],"required":false,"type":"string","schema":"string"},{"name":"highlights","global":false,"description":"","tags":[],"required":false,"type":"number[]","schema":{"kind":"array","type":"number[]","schema":{"0":"number"}}},{"name":"meta","global":false,"description":"","tags":[],"required":false,"type":"string","schema":"string"},{"name":"ui","global":false,"description":"","tags":[],"required":false,"type":"{ root?: ClassNameValue; header?: ClassNameValue; filename?: ClassNameValue; icon?: ClassNameValue; copy?: ClassNameValue; base?: ClassNameValue; }","schema":"{ root?: ClassNameValue; header?: ClassNameValue; filename?: ClassNameValue; icon?: ClassNameValue; copy?: ClassNameValue; base?: ClassNameValue; }"},{"name":"hideHeader","global":false,"description":"","tags":[],"required":false,"type":"boolean","schema":{"kind":"enum","type":"boolean","schema":{"0":"false","1":"true"}}}],"slots":[{"name":"default","type":"{}","description":"","schema":{"kind":"object","type":"{}","schema":{}}}],"events":[]}},{"name":"ProsePre","path":"node_modules/.pnpm/@nuxt+ui@4.0.1_@babel+parse_d753974939cdb533e4c7ace763b14cd0/node_modules/@nuxt/ui/dist/runtime/components/prose/Pre.vue","meta":{"props":[],"slots":[],"events":[]}},{"name":"ProseScriptDVue","path":"node_modules/.pnpm/@nuxt+ui@4.0.1_@babel+parse_d753974939cdb533e4c7ace763b14cd0/node_modules/@nuxt/ui/dist/runtime/components/prose/Script.d.vue.ts","meta":{"props":[{"name":"src","global":false,"description":"","tags":[],"required":true,"type":"string","schema":"string"}],"slots":[],"events":[]}},{"name":"ProseScript","path":"node_modules/.pnpm/@nuxt+ui@4.0.1_@babel+parse_d753974939cdb533e4c7ace763b14cd0/node_modules/@nuxt/ui/dist/runtime/components/prose/Script.vue","meta":{"props":[],"slots":[],"events":[]}},{"name":"ProseStepsDVue","path":"node_modules/.pnpm/@nuxt+ui@4.0.1_@babel+parse_d753974939cdb533e4c7ace763b14cd0/node_modules/@nuxt/ui/dist/runtime/components/prose/Steps.d.vue.ts","meta":{"props":[{"name":"level","global":false,"description":"The heading level to apply to the steps.","tags":[{"name":"defaultValue","text":"'3'"}],"required":false,"type":"\"3\" | \"2\" | \"4\"","schema":{"kind":"enum","type":"\"3\" | \"2\" | \"4\"","schema":{"0":"\"3\"","1":"\"2\"","2":"\"4\""}}}],"slots":[{"name":"default","type":"{}","description":"","schema":{"kind":"object","type":"{}","schema":{}}}],"events":[]}},{"name":"ProseSteps","path":"node_modules/.pnpm/@nuxt+ui@4.0.1_@babel+parse_d753974939cdb533e4c7ace763b14cd0/node_modules/@nuxt/ui/dist/runtime/components/prose/Steps.vue","meta":{"props":[],"slots":[],"events":[]}},{"name":"ProseStrongDVue","path":"node_modules/.pnpm/@nuxt+ui@4.0.1_@babel+parse_d753974939cdb533e4c7ace763b14cd0/node_modules/@nuxt/ui/dist/runtime/components/prose/Strong.d.vue.ts","meta":{"props":[],"slots":[{"name":"default","type":"{}","description":"","schema":{"kind":"object","type":"{}","schema":{}}}],"events":[]}},{"name":"ProseStrong","path":"node_modules/.pnpm/@nuxt+ui@4.0.1_@babel+parse_d753974939cdb533e4c7ace763b14cd0/node_modules/@nuxt/ui/dist/runtime/components/prose/Strong.vue","meta":{"props":[],"slots":[],"events":[]}},{"name":"ProseTableDVue","path":"node_modules/.pnpm/@nuxt+ui@4.0.1_@babel+parse_d753974939cdb533e4c7ace763b14cd0/node_modules/@nuxt/ui/dist/runtime/components/prose/Table.d.vue.ts","meta":{"props":[{"name":"ui","global":false,"description":"","tags":[],"required":false,"type":"{ root?: ClassNameValue; base?: ClassNameValue; }","schema":"{ root?: ClassNameValue; base?: ClassNameValue; }"}],"slots":[{"name":"default","type":"{}","description":"","schema":{"kind":"object","type":"{}","schema":{}}}],"events":[]}},{"name":"ProseTable","path":"node_modules/.pnpm/@nuxt+ui@4.0.1_@babel+parse_d753974939cdb533e4c7ace763b14cd0/node_modules/@nuxt/ui/dist/runtime/components/prose/Table.vue","meta":{"props":[],"slots":[],"events":[]}},{"name":"ProseTabsDVue","path":"node_modules/.pnpm/@nuxt+ui@4.0.1_@babel+parse_d753974939cdb533e4c7ace763b14cd0/node_modules/@nuxt/ui/dist/runtime/components/prose/Tabs.d.vue.ts","meta":{"props":[{"name":"defaultValue","global":false,"description":"The default tab to select.","tags":[{"name":"example","text":"'1'"}],"required":false,"type":"string","schema":"string"},{"name":"sync","global":false,"description":"Sync the selected tab with a local storage key.","tags":[],"required":false,"type":"string","schema":"string"},{"name":"hash","global":false,"description":"The hash to scroll to when the tab is selected.","tags":[],"required":false,"type":"string","schema":"string"},{"name":"modelValue","global":false,"description":"","tags":[],"required":false,"type":"string","schema":"string"}],"slots":[{"name":"default","type":"{}","description":"","schema":{"kind":"object","type":"{}","schema":{}}}],"events":[{"name":"update:modelValue","description":"","tags":[],"type":"[value: string]","signature":"(event: \"update:modelValue\", value: string): void","schema":["string"]}]}},{"name":"ProseTabs","path":"node_modules/.pnpm/@nuxt+ui@4.0.1_@babel+parse_d753974939cdb533e4c7ace763b14cd0/node_modules/@nuxt/ui/dist/runtime/components/prose/Tabs.vue","meta":{"props":[],"slots":[],"events":[]}},{"name":"ProseTabsItemDVue","path":"node_modules/.pnpm/@nuxt+ui@4.0.1_@babel+parse_d753974939cdb533e4c7ace763b14cd0/node_modules/@nuxt/ui/dist/runtime/components/prose/TabsItem.d.vue.ts","meta":{"props":[{"name":"label","global":false,"description":"","tags":[],"required":true,"type":"string","schema":"string"},{"name":"description","global":false,"description":"","tags":[],"required":false,"type":"string","schema":"string"}],"slots":[{"name":"default","type":"{}","description":"","schema":{"kind":"object","type":"{}","schema":{}}}],"events":[]}},{"name":"ProseTabsItem","path":"node_modules/.pnpm/@nuxt+ui@4.0.1_@babel+parse_d753974939cdb533e4c7ace763b14cd0/node_modules/@nuxt/ui/dist/runtime/components/prose/TabsItem.vue","meta":{"props":[],"slots":[],"events":[]}},{"name":"ProseTbodyDVue","path":"node_modules/.pnpm/@nuxt+ui@4.0.1_@babel+parse_d753974939cdb533e4c7ace763b14cd0/node_modules/@nuxt/ui/dist/runtime/components/prose/Tbody.d.vue.ts","meta":{"props":[],"slots":[{"name":"default","type":"{}","description":"","schema":{"kind":"object","type":"{}","schema":{}}}],"events":[]}},{"name":"ProseTbody","path":"node_modules/.pnpm/@nuxt+ui@4.0.1_@babel+parse_d753974939cdb533e4c7ace763b14cd0/node_modules/@nuxt/ui/dist/runtime/components/prose/Tbody.vue","meta":{"props":[],"slots":[],"events":[]}},{"name":"ProseTdDVue","path":"node_modules/.pnpm/@nuxt+ui@4.0.1_@babel+parse_d753974939cdb533e4c7ace763b14cd0/node_modules/@nuxt/ui/dist/runtime/components/prose/Td.d.vue.ts","meta":{"props":[],"slots":[{"name":"default","type":"{}","description":"","schema":{"kind":"object","type":"{}","schema":{}}}],"events":[]}},{"name":"ProseTd","path":"node_modules/.pnpm/@nuxt+ui@4.0.1_@babel+parse_d753974939cdb533e4c7ace763b14cd0/node_modules/@nuxt/ui/dist/runtime/components/prose/Td.vue","meta":{"props":[],"slots":[],"events":[]}},{"name":"ProseThDVue","path":"node_modules/.pnpm/@nuxt+ui@4.0.1_@babel+parse_d753974939cdb533e4c7ace763b14cd0/node_modules/@nuxt/ui/dist/runtime/components/prose/Th.d.vue.ts","meta":{"props":[],"slots":[{"name":"default","type":"{}","description":"","schema":{"kind":"object","type":"{}","schema":{}}}],"events":[]}},{"name":"ProseTh","path":"node_modules/.pnpm/@nuxt+ui@4.0.1_@babel+parse_d753974939cdb533e4c7ace763b14cd0/node_modules/@nuxt/ui/dist/runtime/components/prose/Th.vue","meta":{"props":[],"slots":[],"events":[]}},{"name":"ProseTheadDVue","path":"node_modules/.pnpm/@nuxt+ui@4.0.1_@babel+parse_d753974939cdb533e4c7ace763b14cd0/node_modules/@nuxt/ui/dist/runtime/components/prose/Thead.d.vue.ts","meta":{"props":[],"slots":[{"name":"default","type":"{}","description":"","schema":{"kind":"object","type":"{}","schema":{}}}],"events":[]}},{"name":"ProseThead","path":"node_modules/.pnpm/@nuxt+ui@4.0.1_@babel+parse_d753974939cdb533e4c7ace763b14cd0/node_modules/@nuxt/ui/dist/runtime/components/prose/Thead.vue","meta":{"props":[],"slots":[],"events":[]}},{"name":"ProseTrDVue","path":"node_modules/.pnpm/@nuxt+ui@4.0.1_@babel+parse_d753974939cdb533e4c7ace763b14cd0/node_modules/@nuxt/ui/dist/runtime/components/prose/Tr.d.vue.ts","meta":{"props":[],"slots":[{"name":"default","type":"{}","description":"","schema":{"kind":"object","type":"{}","schema":{}}}],"events":[]}},{"name":"ProseTr","path":"node_modules/.pnpm/@nuxt+ui@4.0.1_@babel+parse_d753974939cdb533e4c7ace763b14cd0/node_modules/@nuxt/ui/dist/runtime/components/prose/Tr.vue","meta":{"props":[],"slots":[],"events":[]}},{"name":"ProseUlDVue","path":"node_modules/.pnpm/@nuxt+ui@4.0.1_@babel+parse_d753974939cdb533e4c7ace763b14cd0/node_modules/@nuxt/ui/dist/runtime/components/prose/Ul.d.vue.ts","meta":{"props":[],"slots":[{"name":"default","type":"{}","description":"","schema":{"kind":"object","type":"{}","schema":{}}}],"events":[]}},{"name":"ProseUl","path":"node_modules/.pnpm/@nuxt+ui@4.0.1_@babel+parse_d753974939cdb533e4c7ace763b14cd0/node_modules/@nuxt/ui/dist/runtime/components/prose/Ul.vue","meta":{"props":[],"slots":[],"events":[]}},{"name":"ProseCautionDVue","path":"node_modules/.pnpm/@nuxt+ui@4.0.1_@babel+parse_d753974939cdb533e4c7ace763b14cd0/node_modules/@nuxt/ui/dist/runtime/components/prose/callout/Caution.d.vue.ts","meta":{"props":[],"slots":[{"name":"default","type":"{ mdcUnwrap: string; }","description":"","schema":{"kind":"object","type":"{ mdcUnwrap: string; }","schema":{"mdcUnwrap":{"name":"mdcUnwrap","global":false,"description":"","tags":[],"required":true,"type":"string","schema":"string"}}}}],"events":[]}},{"name":"ProseCaution","path":"node_modules/.pnpm/@nuxt+ui@4.0.1_@babel+parse_d753974939cdb533e4c7ace763b14cd0/node_modules/@nuxt/ui/dist/runtime/components/prose/callout/Caution.vue","meta":{"props":[],"slots":[],"events":[]}},{"name":"ProseNoteDVue","path":"node_modules/.pnpm/@nuxt+ui@4.0.1_@babel+parse_d753974939cdb533e4c7ace763b14cd0/node_modules/@nuxt/ui/dist/runtime/components/prose/callout/Note.d.vue.ts","meta":{"props":[],"slots":[{"name":"default","type":"{ mdcUnwrap: string; }","description":"","schema":{"kind":"object","type":"{ mdcUnwrap: string; }","schema":{"mdcUnwrap":{"name":"mdcUnwrap","global":false,"description":"","tags":[],"required":true,"type":"string","schema":"string"}}}}],"events":[]}},{"name":"ProseNote","path":"node_modules/.pnpm/@nuxt+ui@4.0.1_@babel+parse_d753974939cdb533e4c7ace763b14cd0/node_modules/@nuxt/ui/dist/runtime/components/prose/callout/Note.vue","meta":{"props":[],"slots":[],"events":[]}},{"name":"ProseTipDVue","path":"node_modules/.pnpm/@nuxt+ui@4.0.1_@babel+parse_d753974939cdb533e4c7ace763b14cd0/node_modules/@nuxt/ui/dist/runtime/components/prose/callout/Tip.d.vue.ts","meta":{"props":[],"slots":[{"name":"default","type":"{ mdcUnwrap: string; }","description":"","schema":{"kind":"object","type":"{ mdcUnwrap: string; }","schema":{"mdcUnwrap":{"name":"mdcUnwrap","global":false,"description":"","tags":[],"required":true,"type":"string","schema":"string"}}}}],"events":[]}},{"name":"ProseTip","path":"node_modules/.pnpm/@nuxt+ui@4.0.1_@babel+parse_d753974939cdb533e4c7ace763b14cd0/node_modules/@nuxt/ui/dist/runtime/components/prose/callout/Tip.vue","meta":{"props":[],"slots":[],"events":[]}},{"name":"ProseWarningDVue","path":"node_modules/.pnpm/@nuxt+ui@4.0.1_@babel+parse_d753974939cdb533e4c7ace763b14cd0/node_modules/@nuxt/ui/dist/runtime/components/prose/callout/Warning.d.vue.ts","meta":{"props":[],"slots":[{"name":"default","type":"{ mdcUnwrap: string; }","description":"","schema":{"kind":"object","type":"{ mdcUnwrap: string; }","schema":{"mdcUnwrap":{"name":"mdcUnwrap","global":false,"description":"","tags":[],"required":true,"type":"string","schema":"string"}}}}],"events":[]}},{"name":"ProseWarning","path":"node_modules/.pnpm/@nuxt+ui@4.0.1_@babel+parse_d753974939cdb533e4c7ace763b14cd0/node_modules/@nuxt/ui/dist/runtime/components/prose/callout/Warning.vue","meta":{"props":[],"slots":[],"events":[]}},{"name":"ProseH5","path":"node_modules/.pnpm/@nuxtjs+mdc@0.17.4_magicast@0.3.5/node_modules/@nuxtjs/mdc/dist/runtime/components/prose/ProseH5.vue","meta":{"props":[{"name":"id","global":false,"description":"","tags":[],"required":false,"type":"string","schema":"string"}],"slots":[{"name":"default","type":"{}","description":"","schema":{"kind":"object","type":"{}","schema":{}}}],"events":[]}},{"name":"ProseH6","path":"node_modules/.pnpm/@nuxtjs+mdc@0.17.4_magicast@0.3.5/node_modules/@nuxtjs/mdc/dist/runtime/components/prose/ProseH6.vue","meta":{"props":[{"name":"id","global":false,"description":"","tags":[],"required":false,"type":"string","schema":"string"}],"slots":[{"name":"default","type":"{}","description":"","schema":{"kind":"object","type":"{}","schema":{}}}],"events":[]}},{"name":"Icon","path":"node_modules/.pnpm/@nuxt+icon@2.0.0_magicast@0_020bc5b5d5194cc568afd5558741e30b/node_modules/@nuxt/icon/dist/runtime/components/index.js","meta":{"props":[{"name":"name","global":false,"description":"","tags":[],"required":true,"type":"string","schema":"string"},{"name":"customize","global":false,"description":"","tags":[],"required":false,"type":"boolean | IconifyIconCustomizeCallback","schema":{"kind":"enum","type":"boolean | IconifyIconCustomizeCallback","schema":{"0":"false","1":"true","2":{"kind":"event","type":"(content: string, name?: string, prefix?: string, provider?: string): string","schema":[]}}},"default":"null"},{"name":"size","global":false,"description":"","tags":[],"required":false,"type":"string | number","schema":{"kind":"enum","type":"string | number","schema":{"0":"string","1":"number"}},"default":"null"},{"name":"mode","global":false,"description":"","tags":[],"required":false,"type":"\"svg\" | \"css\"","schema":{"kind":"enum","type":"\"svg\" | \"css\"","schema":{"0":"\"svg\"","1":"\"css\""}},"default":"null"}],"slots":[],"events":[]}}]}